-- MySQL dump 10.13  Distrib 8.0.18, for macos10.14 (x86_64)
--
-- Host: localhost    Database: new_CRM
-- ------------------------------------------------------
-- Server version	8.0.23

/*!40101 SET @OLD_CHARACTER_SET_CLIENT=@@CHARACTER_SET_CLIENT */;
/*!40101 SET @OLD_CHARACTER_SET_RESULTS=@@CHARACTER_SET_RESULTS */;
/*!40101 SET @OLD_COLLATION_CONNECTION=@@COLLATION_CONNECTION */;
/*!50503 SET NAMES utf8 */;
/*!40103 SET @OLD_TIME_ZONE=@@TIME_ZONE */;
/*!40103 SET TIME_ZONE='+00:00' */;
/*!40014 SET @OLD_UNIQUE_CHECKS=@@UNIQUE_CHECKS, UNIQUE_CHECKS=0 */;
/*!40014 SET @OLD_FOREIGN_KEY_CHECKS=@@FOREIGN_KEY_CHECKS, FOREIGN_KEY_CHECKS=0 */;
/*!40101 SET @OLD_SQL_MODE=@@SQL_MODE, SQL_MODE='NO_AUTO_VALUE_ON_ZERO' */;
/*!40111 SET @OLD_SQL_NOTES=@@SQL_NOTES, SQL_NOTES=0 */;

--
-- Table structure for table `Clients_Companies`
--

DROP TABLE IF EXISTS `Clients_Companies`;
/*!40101 SET @saved_cs_client     = @@character_set_client */;
/*!50503 SET character_set_client = utf8mb4 */;
CREATE TABLE `Clients_Companies` (
  `Company_id` int unsigned NOT NULL AUTO_INCREMENT,
  `Website` varchar(45) CHARACTER SET utf8mb4 COLLATE utf8mb4_unicode_ci NOT NULL,
  PRIMARY KEY (`Company_id`),
  UNIQUE KEY `Website_UNIQUE` (`Website`)
) ENGINE=InnoDB AUTO_INCREMENT=76 DEFAULT CHARSET=utf8mb4 COLLATE=utf8mb4_unicode_ci COMMENT='Компании-клиенты';
/*!40101 SET character_set_client = @saved_cs_client */;

--
-- Dumping data for table `Clients_Companies`
--

LOCK TABLES `Clients_Companies` WRITE;
/*!40000 ALTER TABLE `Clients_Companies` DISABLE KEYS */;
INSERT INTO `Clients_Companies` VALUES (1,'http://bins.info/'),(37,'http://boyer.org/'),(10,'http://doylereilly.com/'),(32,'http://fadel.net/'),(49,'http://friesenupton.net/'),(8,'http://halvorson.com/'),(24,'http://hickle.com/'),(44,'http://hintz.com/'),(20,'http://hirthe.com/'),(11,'http://hoppe.com/'),(7,'http://koepp.org/'),(47,'http://kunde.com/'),(29,'http://lynchklein.org/'),(6,'http://ondricka.net/'),(33,'http://oreilly.com/'),(12,'http://pagacbernhard.info/'),(19,'http://pfannerstill.biz/'),(46,'http://rolfsonschuppe.biz/'),(21,'http://sanford.com/'),(50,'http://schaden.net/'),(42,'http://schowalter.com/'),(26,'http://schuster.com/'),(38,'http://torpcole.com/'),(40,'http://weissnat.com/'),(35,'http://www.abshire.com/'),(41,'http://www.anderson.net/'),(2,'http://www.batzparisian.com/'),(9,'http://www.conn.org/'),(48,'http://www.corwin.com/'),(30,'http://www.cummerata.net/'),(43,'http://www.dickinsondaugherty.com/'),(18,'http://www.doyle.biz/'),(36,'http://www.feil.org/'),(31,'http://www.feilbeatty.info/'),(13,'http://www.gislason.com/'),(22,'http://www.hauck.com/'),(34,'http://www.heidenreich.com/'),(45,'http://www.howell.com/'),(14,'http://www.konopelski.com/'),(15,'http://www.kosszboncak.info/'),(25,'http://www.kuhlman.org/'),(23,'http://www.kuhnbartoletti.com/'),(28,'http://www.mante.com/'),(39,'http://www.nicolas.com/'),(27,'http://www.oberbrunner.com/'),(3,'http://www.rolfson.net/'),(5,'http://www.schulist.com/'),(4,'http://www.toyhansen.com/'),(16,'http://www.zemlak.com/'),(17,'http://yundt.com/'),(71,'i_website'),(75,'www.hickle10.com'),(74,'www.hickle7.com');
/*!40000 ALTER TABLE `Clients_Companies` ENABLE KEYS */;
UNLOCK TABLES;

--
-- Table structure for table `Clients_Company_Info`
--

DROP TABLE IF EXISTS `Clients_Company_Info`;
/*!40101 SET @saved_cs_client     = @@character_set_client */;
/*!50503 SET character_set_client = utf8mb4 */;
CREATE TABLE `Clients_Company_Info` (
  `ID` int NOT NULL AUTO_INCREMENT,
  `Industry` varchar(45) CHARACTER SET utf8mb4 COLLATE utf8mb4_unicode_ci NOT NULL,
  `Description` varchar(245) COLLATE utf8mb4_unicode_ci DEFAULT NULL COMMENT 'Краткое описание деятельности компании',
  `Phone` bigint unsigned DEFAULT NULL,
  `Created_at` datetime NOT NULL DEFAULT CURRENT_TIMESTAMP COMMENT 'Дата внесения компании в базу данных ',
  `Updated_at` datetime DEFAULT NULL ON UPDATE CURRENT_TIMESTAMP,
  `Address` varchar(45) CHARACTER SET utf8mb4 COLLATE utf8mb4_unicode_ci DEFAULT NULL,
  `CompanyID` int unsigned NOT NULL,
  `PartnerID` int unsigned DEFAULT NULL,
  `Status` tinyint(1) DEFAULT '0' COMMENT '-1 - new client\\n0 - in work \\n1 - on hold ',
  PRIMARY KEY (`ID`),
  KEY `fk_Clients_Company_Info_Clients_Companies1_idx` (`CompanyID`),
  KEY `fk_Clients_Company_Info_Subsidiaries1_idx` (`PartnerID`),
  CONSTRAINT `fk_Clients_Company_Info_Clients_Companies1` FOREIGN KEY (`CompanyID`) REFERENCES `Clients_Companies` (`Company_id`),
  CONSTRAINT `fk_Clients_Company_Info_Subsidiaries1` FOREIGN KEY (`PartnerID`) REFERENCES `Partners` (`Part_id`)
) ENGINE=InnoDB AUTO_INCREMENT=151 DEFAULT CHARSET=utf8mb4 COLLATE=utf8mb4_unicode_ci COMMENT='Профиль компании-клиента';
/*!40101 SET character_set_client = @saved_cs_client */;

--
-- Dumping data for table `Clients_Company_Info`
--

LOCK TABLES `Clients_Company_Info` WRITE;
/*!40000 ALTER TABLE `Clients_Company_Info` DISABLE KEYS */;
INSERT INTO `Clients_Company_Info` VALUES (1,'','Odit delectus magni perferendis placeat.',79359796114,'1978-05-30 07:05:53','2021-03-28 22:20:38','Missouri',9,NULL,-1),(2,'','Consequatur eum aut cupiditate et.',79918114772,'1970-01-17 20:37:34','2021-03-28 22:20:39','Washington',24,NULL,0),(3,'','Quia ut optio sed aut saepe.',79781197464,'1983-11-16 06:53:40','2021-03-28 22:20:39','Ohio',20,NULL,1),(4,'','Laudantium eum explicabo maxime dolore.',79751715011,'1976-11-07 12:24:15','2021-03-28 22:20:39','Massachusetts',41,NULL,-1),(5,'','Quis sit quia ab ullam esse.',79417402597,'1989-12-16 09:04:04','2021-03-28 22:20:39','Maine',32,NULL,1),(6,'','Vel alias sit nobis consequatur maxime iusto aut.',79960831969,'1999-01-09 17:33:23','1978-04-09 13:02:12','Tennessee',21,12,-1),(7,'','Dolorem et et quia assumenda ab non fugiat.',79198362410,'2004-06-03 18:41:01','1975-11-21 08:26:50','NewYork',12,61,-1),(8,'','Sit voluptatibus quia explicabo soluta vitae laudantium qui.',79481515120,'1998-01-16 21:50:15','2019-10-11 21:55:15','Wyoming',7,37,-1),(9,'','Doloremque nesciunt mollitia aut dolorem.',79233113773,'2018-05-08 03:23:53','2021-03-28 22:20:39','NewYork',37,NULL,0),(10,'','Aut tenetur commodi aliquam enim explicabo.',79324340288,'1984-02-24 23:05:47','2021-03-28 22:20:39','Mississippi',42,NULL,1),(11,'','Commodi omnis magnam magni molestiae non labore doloremque.',79029122349,'2014-06-15 01:48:41','2021-03-28 22:20:39','RhodeIsland',42,NULL,1),(12,'','Est qui voluptate et corporis est est quasi.',79019457032,'2012-11-15 03:18:55','2008-02-17 09:25:44','SouthCarolina',30,14,0),(13,'','Hic aut vero voluptates.',79370562313,'1982-10-10 01:51:08','1984-03-19 22:47:31','Maryland',27,68,0),(14,'','Molestiae asperiores asperiores nesciunt tempora dolores sit adipisci adipisci.',79519204474,'2016-02-12 12:00:43','2021-03-28 22:20:39','Wisconsin',44,NULL,-1),(15,'','Unde facilis est autem itaque rerum voluptatem velit.',79476369034,'1989-02-25 03:05:00','2021-03-28 22:20:39','Washington',4,NULL,-1),(16,'','Debitis non reprehenderit est earum deleniti molestiae voluptatem provident.',79242534203,'2010-07-05 08:11:12','2021-03-28 22:20:39','Wyoming',5,NULL,1),(17,'','Eum et aspernatur inventore et blanditiis rerum.',79804859744,'1974-02-08 22:20:39','2021-03-28 22:20:39','Maryland',26,NULL,1),(18,'','Perferendis voluptas aliquam qui ratione.',79022065304,'1998-03-11 01:22:13','2016-05-19 10:31:18','Illinois',28,89,0),(19,'','Dolore distinctio quod repellendus libero.',79994315264,'2017-04-06 07:53:09','1981-01-23 02:25:52','Texas',48,37,-1),(20,'','Aspernatur non similique error provident amet labore.',79320855959,'2000-05-26 05:27:53','1984-01-10 15:01:58','Mississippi',30,58,0),(21,'','Cum voluptates vero et quas sit consequuntur deleniti culpa.',79474425939,'1973-05-22 05:37:08','2021-03-28 22:20:39','Kentucky',10,NULL,-1),(22,'','Aut quis sunt cum eos eum sint sed.',79229626112,'2016-07-22 06:28:50','2021-03-28 22:20:39','California',35,NULL,-1),(23,'','Id veniam quaerat earum est.',79786710945,'2002-12-19 09:29:07','1989-05-06 22:38:18','District of Columbia',30,83,-1),(24,'','Suscipit iste voluptates deleniti ipsa.',79902801828,'1991-05-05 07:57:26','2004-01-11 20:57:06','Idaho',39,34,-1),(25,'','Accusantium blanditiis dolores pariatur eligendi animi beatae omnis impedit.',79106848058,'1972-04-11 15:48:44','2021-03-28 22:20:39','Kansas',21,NULL,0),(26,'','Aliquam aut omnis perspiciatis ut dolore quae.',79871558039,'1972-07-27 18:52:07','1995-10-26 03:56:36','Missouri',9,25,1),(27,'','Expedita deleniti minus quis molestiae dolorem veniam.',79687431070,'1986-12-04 00:26:44','2021-03-28 22:20:39','Louisiana',41,NULL,1),(28,'','Nesciunt natus qui et omnis ipsam et rem.',79233643561,'1991-12-17 06:47:30','2017-10-21 19:31:31','Virginia',20,33,0),(29,'','Sed beatae pariatur exercitationem error labore.',79210860434,'2000-03-13 23:20:41','1998-05-24 02:12:30','NewJersey',22,27,-1),(30,'','Aliquid accusamus rem aut sapiente sunt officia.',79269078924,'2007-06-07 00:51:54','2021-03-28 22:20:39','NorthDakota',23,NULL,1),(31,'','Necessitatibus enim enim porro sunt iusto aliquid necessitatibus deleniti.',79886601919,'1975-06-07 18:43:20','2009-11-06 07:20:06','Utah',2,55,1),(32,'','Perferendis ea quo nesciunt deserunt quos ipsum vel.',79361537037,'1973-10-18 00:22:01','2021-03-28 22:20:39','Mississippi',37,NULL,0),(33,'','Eius aut consequuntur excepturi odio.',79903637810,'1977-10-04 11:54:36','2006-05-03 05:04:55','Delaware',6,28,0),(34,'','Ab necessitatibus architecto occaecati consequatur ut facere dolor.',79702984020,'2010-11-28 21:23:52','2021-03-28 22:20:39','Missouri',21,NULL,1),(35,'','Doloribus aut maiores voluptatum occaecati est sed rerum.',79707035347,'1991-03-05 23:47:04','1981-10-21 20:09:26','NewYork',33,1,1),(36,'','Voluptatem recusandae magnam harum velit.',79979844643,'1982-10-09 09:53:46','2021-03-28 22:20:39','Texas',32,NULL,0),(37,'','Quas eos et occaecati nam.',79526357338,'2014-07-26 00:05:42','2012-12-24 19:52:46','Kentucky',1,32,-1),(38,'','Dignissimos blanditiis neque et dolores omnis nihil.',79679427844,'1978-05-16 07:46:20','1990-02-13 18:55:11','Maryland',13,61,0),(39,'','Assumenda excepturi aliquid quo occaecati.',79256131667,'1976-03-18 15:59:23','2021-03-28 22:20:39','NewHampshire',7,NULL,1),(40,'','Est ipsum est minus tenetur similique aliquid.',79096532435,'1974-11-23 11:51:24','1978-10-01 20:32:39','Iowa',47,56,0),(41,'','Aut ab consectetur maiores.',79452788413,'1978-01-23 13:43:37','1973-07-20 18:52:39','Minnesota',33,12,-1),(42,'','Architecto et tempora sed impedit.',79817957858,'2011-09-30 01:12:03','1993-12-18 06:09:59','Connecticut',41,45,1),(43,'','Ut quia praesentium ipsum quasi optio.',79403284200,'2002-09-26 10:26:31','2021-03-28 22:20:39','NorthCarolina',44,NULL,-1),(44,'','Recusandae provident magnam laborum magnam dolor recusandae ut.',79090591708,'1998-01-23 08:06:45','2021-03-28 22:20:39','Maine',39,NULL,-1),(45,'','Corrupti facilis labore dolorem maiores.',79939222160,'2021-01-10 06:03:43','2021-03-28 22:20:39','Florida',23,NULL,1),(46,'','Aut qui in qui voluptatum.',79911881969,'1990-07-27 08:13:11','2021-03-28 22:20:39','Washington',41,NULL,1),(47,'','Eligendi odit veniam dolor sed est facere dolore vitae.',79749719003,'1974-09-14 21:57:41','2021-03-28 22:20:39','Colorado',38,NULL,0),(48,'','Odio dolorem et aperiam.',79791477908,'1973-12-24 16:16:01','2021-03-28 22:20:39','NewHampshire',1,NULL,-1),(49,'','Maxime quasi expedita qui veniam quia illum aliquam molestias.',79528447281,'2004-09-25 04:37:15','2021-03-28 22:20:39','SouthCarolina',41,NULL,0),(50,'','Voluptatum rem atque consequatur.',79827407702,'1988-11-04 19:40:54','2021-03-28 22:20:39','Arizona',47,NULL,-1),(51,'','Tempore molestiae amet laboriosam praesentium.',79832111776,'2005-07-31 05:26:46','2007-05-20 16:44:11','Texas',22,56,1),(52,'','Aut dignissimos neque omnis nisi.',79908803674,'1976-06-22 08:45:52','1973-07-10 16:13:17','SouthDakota',16,44,1),(53,'','Sed incidunt itaque ut ipsum nihil autem est cum.',79042815198,'1992-11-01 23:59:01','1985-12-02 19:09:46','Ohio',44,56,-1),(54,'','Incidunt suscipit adipisci molestiae et soluta.',79599149100,'2010-11-22 09:33:49','1977-11-18 21:19:05','Texas',2,2,-1),(55,'','Officia sapiente nesciunt aut qui cumque quibusdam.',79093223901,'1992-03-05 23:42:42','2021-03-28 22:20:39','Maine',29,NULL,-1),(56,'','Molestiae non necessitatibus adipisci dolorum maxime.',79282220723,'1988-10-15 12:05:36','1993-08-19 11:49:42','NewYork',29,23,-1),(57,'','Cupiditate voluptas quia consectetur dicta et vel.',79990955826,'1976-06-22 07:43:01','2003-04-10 00:17:48','Idaho',5,37,1),(58,'','Possimus magni animi at ullam dolor et mollitia.',79857698590,'2020-10-23 18:12:36','1987-04-18 02:18:10','NorthDakota',34,96,1),(59,'','A qui occaecati ex consequatur ut qui.',79966202132,'2001-06-28 15:39:58','2021-03-28 22:20:39','NewYork',28,NULL,1),(60,'','Quaerat pariatur minus aut animi vitae.',79278368908,'2002-10-08 18:07:35','1998-08-24 20:02:39','SouthCarolina',14,1,1),(61,'','Est veniam ut numquam quod veritatis et.',79367776250,'2020-04-19 20:09:33','2021-03-28 22:20:39','Oklahoma',33,NULL,0),(62,'','Sapiente quisquam eos deserunt tenetur molestiae ab quam facere.',79901777322,'2011-04-10 13:17:33','1976-07-25 20:34:53','NewJersey',25,41,0),(63,'','Harum pariatur illum ducimus unde dignissimos.',79469443136,'1981-06-10 11:05:40','2021-03-28 22:20:39','Delaware',31,NULL,0),(64,'','Saepe laboriosam dolores perferendis.',79675661600,'2007-02-20 12:37:14','2021-03-28 22:20:39','Ohio',14,NULL,-1),(65,'','Dolore enim ut quaerat nulla.',79633011102,'1983-05-19 20:24:41','2021-03-28 22:20:39','Indiana',46,NULL,-1),(66,'','Quia accusantium illo voluptas beatae repellat veritatis.',79938019948,'1982-05-13 21:30:36','2021-03-28 22:20:39','Missouri',45,NULL,1),(67,'','Ullam sed eos odit dolorem reiciendis harum consectetur.',79057689085,'2008-02-02 11:17:29','2021-03-28 22:20:39','Montana',38,NULL,1),(68,'','Voluptate velit quidem sed.',79463594601,'2007-11-08 23:13:50','2021-03-28 22:20:39','WestVirginia',39,NULL,1),(69,'','Maiores quo rem veritatis.',79162513006,'2009-01-07 13:03:52','2021-03-28 22:20:39','Missouri',37,NULL,1),(70,'','Porro omnis veritatis dignissimos rerum enim ut beatae.',79876134926,'2003-12-12 05:49:56','2021-03-28 22:20:39','Massachusetts',33,NULL,0),(71,'','Ea voluptas quam hic voluptatum.',79774373538,'2008-10-15 05:32:54','2021-03-28 22:20:39','NorthDakota',40,NULL,-1),(72,'','Eius ducimus ea et consequuntur eligendi est.',79096075686,'1974-12-02 04:31:53','2021-03-28 22:20:39','Missouri',27,NULL,-1),(73,'','Sit reiciendis dolor quo corrupti nihil explicabo qui.',79670968986,'2001-09-10 15:59:08','2021-03-28 22:20:39','Wisconsin',29,NULL,-1),(74,'','Qui maiores sit perferendis et repellendus.',79492892622,'1984-04-01 22:19:25','2021-03-28 22:20:39','Nebraska',42,NULL,0),(75,'','Deleniti provident necessitatibus earum aut corrupti.',79067434456,'2005-11-25 04:18:24','2021-03-28 22:20:39','NewJersey',32,NULL,1),(76,'','Omnis repellendus voluptatem ipsam ad ut autem.',79285481041,'1987-11-01 09:47:27','2021-03-28 22:20:39','Kansas',7,NULL,0),(77,'','Unde nesciunt laboriosam omnis vero id.',79135518726,'1992-01-06 00:40:46','2021-03-28 22:20:39','NorthCarolina',9,NULL,0),(78,'','Aut rerum in voluptas accusantium.',79374682988,'1983-03-22 11:15:11','2021-03-28 22:20:39','California',34,NULL,1),(79,'','Enim qui sunt eum necessitatibus ea ratione.',79245520528,'1994-09-05 00:50:37','2021-03-28 22:20:39','Texas',5,NULL,1),(80,'','Dolores provident nesciunt architecto quia et saepe.',79499058791,'1989-04-09 04:01:39','2021-03-28 22:20:39','NorthCarolina',10,NULL,0),(81,'','Dolorem nisi sed eos dolor earum laborum iusto.',79185488211,'1973-07-16 14:46:13','2021-03-28 22:20:39','Texas',8,NULL,1),(82,'','Saepe corrupti excepturi qui delectus sit minus.',79110608616,'1980-12-12 13:11:08','2021-03-28 22:20:39','Utah',18,NULL,-1),(83,'','Unde sunt sapiente qui doloribus quia.',79673113534,'1983-08-04 20:22:25','2021-03-28 22:20:39','Missouri',14,NULL,0),(84,'','Ex pariatur distinctio quo ut provident culpa.',79314966489,'1999-01-02 22:48:35','2021-03-28 22:20:39','Illinois',27,NULL,0),(85,'','Est eaque quidem possimus est fugiat qui.',79280163282,'1990-12-14 16:32:05','2021-03-28 22:20:39','RhodeIsland',48,NULL,1),(86,'','Impedit excepturi enim voluptas reprehenderit.',79926212461,'1977-11-30 08:32:18','2021-03-28 22:20:39','Oregon',16,NULL,0),(87,'','Dolorem expedita quas et doloribus.',79715612551,'1977-06-03 21:26:04','2021-03-28 22:20:39','Texas',20,NULL,1),(88,'','Nemo reiciendis labore et eos est.',79664436042,'1980-08-30 21:26:27','2021-03-28 22:20:39','Maine',31,NULL,0),(89,'','Voluptas provident quisquam facere blanditiis dignissimos sint.',79780056580,'1989-07-30 21:58:18','2021-03-28 22:20:39','NewJersey',3,NULL,-1),(90,'','Ab maiores sint nobis facilis ducimus voluptatum.',79875866109,'1987-05-29 03:18:46','1975-08-30 06:15:11','Indiana',5,69,-1),(91,'','Sit quo sapiente quo recusandae.',79014819768,'1974-07-12 06:27:47','2009-12-28 15:57:41','WestVirginia',28,23,0),(92,'','Quam odit qui consequatur sapiente.',79443013842,'2009-10-14 08:25:19','1983-02-12 10:16:53','Minnesota',48,71,-1),(93,'','Id voluptatem nesciunt laboriosam rem aut rerum.',79745028649,'1999-01-31 04:47:06','2005-12-28 01:00:57','Kansas',42,64,0),(94,'','Sit sint quas vel voluptatem.',79755744419,'1987-07-21 04:54:37','2008-03-12 17:53:35','Michigan',24,94,0),(95,'','Labore ut molestias quis dolore qui autem.',79288278992,'1973-11-15 23:07:15','2020-08-26 17:19:18','Maryland',30,67,1),(96,'','Corporis voluptas nihil vitae sunt at aliquid modi.',79401380273,'2005-08-12 06:18:29','2005-06-07 20:51:37','Utah',48,74,0),(97,'','Qui quod id fugiat qui quod repellendus.',79993216829,'2004-12-01 06:39:44','2021-03-28 22:20:39','NewMexico',38,NULL,1),(98,'','Non repellat dolore ea et voluptas quis illum.',79855656177,'2019-02-09 15:56:13','2021-03-28 22:20:39','Illinois',33,NULL,0),(99,'','Est deserunt maiores nostrum quaerat.',79805103390,'1977-09-30 02:44:24','2021-03-28 22:20:39','Hawaii',22,NULL,0),(100,'','Eos tempore ex itaque quam quia.',79354946799,'1980-10-08 16:38:05','2021-03-28 22:20:39','Wyoming',1,NULL,0),(101,'','Ipsa fuga quis repellat et recusandae.',79221691444,'2018-06-08 02:01:55','2021-03-28 22:20:39','Wisconsin',19,NULL,0),(102,'','Maxime eum et et magni atque ratione.',79775019721,'1996-06-20 05:49:25','2021-03-28 22:20:39','Oregon',6,NULL,1),(103,'','Et et ut blanditiis blanditiis.',79526587852,'1974-07-02 18:17:47','2021-03-28 22:20:39','Ohio',9,NULL,0),(104,'','Molestiae ducimus doloremque qui.',79342728455,'2014-12-16 23:59:55','2021-03-28 22:20:39','Kentucky',37,NULL,1),(105,'','Dolor omnis voluptas eum et possimus.',79363938230,'2000-04-09 15:54:48','2021-03-28 22:20:39','Michigan',9,NULL,-1),(106,'','Quo et nemo nesciunt eum.',79681215916,'2018-03-06 00:05:52','2021-03-28 22:20:39','Arizona',46,NULL,0),(107,'','Officiis veritatis assumenda autem perspiciatis.',79491779119,'2012-06-02 08:23:54','2021-03-28 22:20:39','District of Columbia',3,NULL,-1),(108,'','Voluptas magnam nesciunt in.',79207112308,'1985-05-15 01:14:53','2021-03-28 22:20:39','Ohio',21,NULL,-1),(109,'','Earum sunt omnis expedita.',79097496717,'1977-01-17 16:34:22','2021-03-28 22:20:39','Minnesota',25,NULL,0),(110,'','Eius vel voluptatem aut eum rerum.',79278100424,'2002-08-25 02:03:48','2021-03-28 22:20:39','WestVirginia',41,NULL,0),(111,'','Itaque labore reprehenderit culpa vero.',79193019440,'2007-09-11 18:00:30','2021-03-28 22:20:39','Kentucky',28,NULL,1),(112,'','Aut qui rem nostrum animi alias odio aut.',79395088867,'2001-12-03 02:45:43','2021-03-28 22:20:39','Texas',42,NULL,0),(113,'','Veniam molestiae rem et cupiditate.',79314830426,'1995-02-02 13:38:08','1979-02-12 04:29:55','Maine',3,48,1),(114,'','Et beatae soluta maxime illum veritatis doloribus vero et.',79732363763,'2009-06-05 09:14:41','2012-10-18 12:46:41','Missouri',16,49,0),(115,'','Unde adipisci rerum nisi voluptatum est quo dolorem.',79727715007,'1982-11-21 14:31:54','2009-11-21 13:47:19','Michigan',34,31,0),(116,'','Voluptatum laborum possimus odio molestiae dolore rerum velit quis.',79942056005,'1995-05-10 09:57:45','1976-04-30 15:17:18','Georgia',43,4,0),(117,'','Ut iste voluptatem placeat velit velit reprehenderit.',79317312430,'1994-04-20 08:59:32','2015-05-06 09:34:25','Pennsylvania',32,96,0),(118,'','Ipsa quis neque aliquid nihil adipisci.',79189102130,'1986-11-29 14:01:05','2018-09-08 16:12:20','NewMexico',40,80,-1),(119,'','Aut ea rerum sunt aut amet voluptatum.',79189171697,'1990-04-18 06:53:46','1978-02-11 03:39:11','Arkansas',34,52,0),(120,'','Praesentium ipsum est enim libero eum qui est nemo.',79015228117,'2006-12-19 17:55:42','1988-09-18 02:31:58','Texas',1,85,-1),(121,'','Totam perferendis sint voluptatem fuga totam.',79134929120,'1998-01-14 22:22:34','2013-01-06 23:32:57','Hawaii',17,92,1),(122,'','Ab perspiciatis nisi inventore provident molestias error qui.',79957982980,'2020-12-10 19:39:38','2008-04-06 19:26:22','Maryland',29,38,-1),(123,'','Qui aut sit amet pariatur ut.',79997892419,'2002-10-24 17:23:52','2010-09-27 01:16:33','WestVirginia',39,98,0),(124,'','Possimus distinctio officiis nesciunt.',79811727966,'1988-02-15 12:06:53','2007-06-10 05:44:06','Iowa',13,28,0),(125,'','Deleniti eaque pariatur voluptatem tempore vero quasi ea eaque.',79583841601,'2014-06-11 02:09:31','2013-08-03 07:17:18','Montana',44,7,1),(126,'','Et est possimus reiciendis.',79950678766,'1999-06-11 15:22:45','2021-03-28 22:20:39','Arkansas',19,NULL,0),(127,'','Ratione qui occaecati sunt commodi unde et.',79851416837,'1973-01-10 21:58:19','2021-03-28 22:20:39','Minnesota',42,NULL,-1),(128,'','Aut dolorem reprehenderit molestiae vel.',79065503510,'1976-07-06 11:56:31','2021-03-28 22:20:39','Wisconsin',37,NULL,-1),(129,'','Cupiditate doloribus quasi corporis veniam autem nesciunt quidem expedita.',79656615408,'2007-11-03 12:57:38','2021-03-28 22:20:39','Mississippi',34,NULL,-1),(130,'','Ipsam provident et voluptates expedita.',79902038507,'2008-01-03 03:43:44','2021-03-28 22:20:39','Missouri',19,NULL,-1),(131,'','Id aut dolores voluptatum.',79268224742,'2017-05-21 11:19:27','2021-03-28 22:20:39','Montana',17,NULL,0),(132,'','Quis architecto at sint assumenda excepturi voluptas.',79885368047,'2001-04-06 01:01:24','2021-03-28 22:20:39','NewMexico',19,NULL,1),(133,'','Aut aspernatur maxime quasi unde.',79064090692,'2015-06-12 14:01:31','2021-03-28 22:20:39','RhodeIsland',10,NULL,0),(134,'','Et magni quis est odit assumenda.',79328494167,'1974-01-23 11:09:07','2021-03-28 22:20:39','Missouri',38,NULL,-1),(135,'','Similique facere quo assumenda aperiam.',79764961273,'2013-07-24 06:37:33','2021-03-28 22:20:39','California',34,NULL,-1),(136,'','Cumque hic eaque ut quas.',79541901465,'1987-01-27 08:05:34','1974-11-06 15:23:45','Missouri',36,100,0),(137,'','Eius similique ut aut et.',79265473151,'2006-07-05 03:30:10','2021-03-28 22:20:39','Delaware',35,NULL,-1),(138,'','Recusandae unde nobis impedit dolorem adipisci fugiat.',79943550202,'2016-04-15 21:29:09','2021-03-28 22:20:39','Iowa',19,NULL,1),(139,'','Nulla dicta et minus nulla reiciendis.',79694812976,'1973-03-25 23:20:48','2021-03-28 22:20:39','Florida',13,NULL,-1),(140,'','Dolore facere et alias et maxime sapiente voluptas a.',79543503581,'2002-05-14 14:22:54','2021-03-28 22:20:39','NewJersey',38,NULL,1),(141,'','Quo ipsum et nostrum cumque et sunt veniam.',79948803292,'1994-09-05 02:05:29','1980-12-23 07:08:07','Kansas',35,11,-1),(142,'','Temporibus reiciendis reprehenderit adipisci iusto exercitationem.',79768049817,'2016-01-25 16:07:29','2021-03-28 22:20:39','Alabama',28,NULL,1),(143,'','Aut ut non iusto impedit ipsa.',79987290805,'1978-12-20 14:04:38','2021-03-28 22:20:39','Nevada',16,NULL,0),(144,'','Vel vel exercitationem nesciunt vel vitae.',79702234792,'1984-11-28 16:38:33','2021-03-28 22:20:39','RhodeIsland',20,NULL,0),(145,'','Itaque accusantium laborum et quam.',79081321106,'2019-03-03 19:55:11','2021-03-28 22:20:39','Missouri',15,NULL,1),(146,'','Enim expedita fuga iste id.',79605532927,'2006-01-08 11:36:40','2020-10-23 10:49:39','Montana',15,64,0),(147,'','Amet aut ut qui vero totam.',79895669560,'1981-02-01 15:46:36','2021-03-28 22:20:39','Washington',50,NULL,1),(148,'','Autem est reiciendis laudantium officia nihil et quis.',79799591944,'1997-10-13 22:46:59','2021-03-28 22:20:39','NewHampshire',30,NULL,-1),(149,'','Veniam et odio nam id illo officiis.',79562557655,'2011-11-17 16:36:38','2021-03-28 22:20:39','NewJersey',41,NULL,1),(150,'','Praesentium voluptatum sed dolores et consequuntur voluptatem.',79235799421,'2006-09-14 19:28:04','2021-03-28 22:20:39','NewMexico',3,NULL,1);
/*!40000 ALTER TABLE `Clients_Company_Info` ENABLE KEYS */;
UNLOCK TABLES;

--
-- Table structure for table `Clients_Contacts`
--

DROP TABLE IF EXISTS `Clients_Contacts`;
/*!40101 SET @saved_cs_client     = @@character_set_client */;
/*!50503 SET character_set_client = utf8mb4 */;
CREATE TABLE `Clients_Contacts` (
  `Company_id` int unsigned NOT NULL,
  `Phone` varchar(45) CHARACTER SET utf8mb4 COLLATE utf8mb4_unicode_ci NOT NULL COMMENT 'Сотрудники компании-клиента',
  PRIMARY KEY (`Company_id`),
  UNIQUE KEY `Phone_UNIQUE` (`Phone`),
  KEY `fk_Clients_Contacts_Clients_Companies1_idx` (`Company_id`),
  CONSTRAINT `fk_Clients_Contacts_Clients_Companies1` FOREIGN KEY (`Company_id`) REFERENCES `Clients_Companies` (`Company_id`)
) ENGINE=InnoDB DEFAULT CHARSET=utf8mb4 COLLATE=utf8mb4_unicode_ci COMMENT='Контактные лица внутри компании-клиента';
/*!40101 SET character_set_client = @saved_cs_client */;

--
-- Dumping data for table `Clients_Contacts`
--

LOCK TABLES `Clients_Contacts` WRITE;
/*!40000 ALTER TABLE `Clients_Contacts` DISABLE KEYS */;
INSERT INTO `Clients_Contacts` VALUES (12,'71147767948'),(38,'71448989750'),(10,'71643458448'),(1,'71893552563'),(2,'72102069901'),(27,'72306205374'),(36,'72540870277'),(48,'72743639593'),(24,'72759269132'),(22,'72815510657'),(25,'72836243278'),(19,'73159651225'),(6,'73178532598'),(9,'73202793733'),(15,'73221741520'),(20,'73230617822'),(17,'73231289217'),(37,'73440729909'),(7,'73452638515'),(5,'73598666409'),(43,'73719531213'),(50,'73862764183'),(32,'74469487932'),(21,'74543465520'),(49,'74587102474'),(47,'74633140644'),(4,'74889834316'),(16,'74938483524'),(35,'74994320056'),(41,'75024511311'),(34,'75107252600'),(30,'75165599911'),(39,'75448693224'),(31,'75707111356'),(40,'75806364447'),(42,'75995224253'),(18,'76047634349'),(8,'76127982621'),(13,'76236536305'),(11,'76391127824'),(33,'76413456289'),(3,'76417787810'),(23,'76510812740'),(45,'76576034787'),(26,'76680101393'),(14,'76763803698'),(46,'76798452195'),(44,'77130668757'),(29,'77452232840');
/*!40000 ALTER TABLE `Clients_Contacts` ENABLE KEYS */;
UNLOCK TABLES;

--
-- Table structure for table `Clients_Contacts_Info`
--

DROP TABLE IF EXISTS `Clients_Contacts_Info`;
/*!40101 SET @saved_cs_client     = @@character_set_client */;
/*!50503 SET character_set_client = utf8mb4 */;
CREATE TABLE `Clients_Contacts_Info` (
  `ID` int NOT NULL AUTO_INCREMENT,
  `Company` int unsigned NOT NULL COMMENT 'Компания, в которой работает данный контакт',
  `Name` varchar(45) CHARACTER SET utf8mb4 COLLATE utf8mb4_unicode_ci NOT NULL,
  `Surname` varchar(45) CHARACTER SET utf8mb4 COLLATE utf8mb4_unicode_ci NOT NULL,
  `Gender` enum('m','f') CHARACTER SET utf8mb4 COLLATE utf8mb4_unicode_ci NOT NULL,
  `Email` varchar(45) CHARACTER SET utf8mb4 COLLATE utf8mb4_unicode_ci NOT NULL,
  `Address` varchar(245) CHARACTER SET utf8mb4 COLLATE utf8mb4_unicode_ci DEFAULT NULL,
  `Birth_Date` date NOT NULL,
  `Position` varchar(45) CHARACTER SET utf8mb4 COLLATE utf8mb4_unicode_ci DEFAULT NULL,
  `Department` varchar(45) CHARACTER SET utf8mb4 COLLATE utf8mb4_unicode_ci DEFAULT NULL,
  PRIMARY KEY (`ID`),
  KEY `fk_Clients_Contacts_Info_Clients_Contacts1_idx` (`Company`),
  CONSTRAINT `fk_Clients_Contacts_Info_Clients_Contacts1` FOREIGN KEY (`Company`) REFERENCES `Clients_Contacts` (`Company_id`)
) ENGINE=InnoDB AUTO_INCREMENT=50 DEFAULT CHARSET=utf8mb4 COLLATE=utf8mb4_unicode_ci COMMENT='Информация о контактных лицах внутри компании-клиента';
/*!40101 SET character_set_client = @saved_cs_client */;

--
-- Dumping data for table `Clients_Contacts_Info`
--

LOCK TABLES `Clients_Contacts_Info` WRITE;
/*!40000 ALTER TABLE `Clients_Contacts_Info` DISABLE KEYS */;
INSERT INTO `Clients_Contacts_Info` VALUES (1,42,'Wallace','Wintheiser','f','jaycee96@example.org','734 Kautzer Spur Apt. 151\nTrevorbury, WI 28821','2003-07-16','',''),(2,38,'Diego','Blick','m','ethel.collins@example.net','4687 Johnson Flats\nHirtheton, NH 91823-4137','2018-04-26','',''),(3,4,'Nestor','Wilkinson','m','walker.edgardo@example.org','7916 Weimann Vista Suite 236\nNoemiland, HI 87392','1996-11-09','',''),(4,50,'Justus','Gutkowski','m','reichel.quentin@example.net','0839 Quentin Walk Apt. 992\nSouth Lethatown, LA 56579-1924','1970-10-09','',''),(5,9,'Hertha','Jacobs','m','griffin61@example.net','57232 Lakin Circle\nKoeppbury, NE 80985','1970-10-23','',''),(6,9,'Dawson','Paucek','f','twila29@example.net','368 Kuvalis Oval Suite 401\nSouth Terrellborough, IN 39631-5356','2016-04-27','',''),(7,48,'Alexandra','Murazik','f','bkirlin@example.org','780 Johnson Ranch\nLake Dillantown, MA 92355','2019-12-01','',''),(8,44,'Napoleon','Schiller','f','janelle19@example.org','1018 Feil Fort\nWest Kaylinberg, FL 53697','2004-02-10','',''),(9,50,'Dorris','Fahey','f','ciara58@example.org','2786 Marjolaine Ranch\nWest Joan, MS 76734-3576','1973-08-07','',''),(10,17,'Abigail','Anderson','m','estrella.wilderman@example.org','58741 Erdman Ports Suite 086\nLake Lee, WV 27938','1999-09-11','',''),(11,50,'Juana','Shanahan','m','hdicki@example.net','35923 King Island Suite 572\nNorth Iva, CA 57389-1103','2018-09-03','',''),(12,15,'Golden','Schmidt','m','yadira.effertz@example.org','216 Rachael Pine\nEast Inesland, AR 00590','1980-12-10','',''),(13,32,'Angelo','Gutkowski','f','vance.renner@example.org','290 Ayden Estates\nWest Camron, NH 42655','1990-05-26','',''),(14,49,'Shad','O\'Conner','f','rgoodwin@example.com','9517 Keyshawn Island\nWest Myriamland, IL 78960-4432','2002-09-07','',''),(15,46,'Henriette','Renner','m','jonas89@example.net','17365 Oberbrunner Streets\nGinofort, RI 99625-2791','2006-01-03','',''),(16,46,'Trey','Kulas','f','ramiro63@example.org','6249 Rosella Stream\nNorth Raulton, DC 47269','1975-11-19','',''),(17,30,'Ramon','Jerde','f','ricardo04@example.net','588 O\'Conner Walks\nOrnmouth, KS 43217','2005-08-01','',''),(18,31,'Sigurd','Grimes','m','ugrant@example.com','0308 Juvenal Loop Apt. 550\nDaremouth, MN 17396','1987-11-25','',''),(19,10,'Etha','Kuhlman','m','davin.gulgowski@example.com','066 Schmitt Ports\nNew Heath, TX 05869','1976-09-19','',''),(20,35,'Morton','Ernser','m','neil14@example.net','8335 Rutherford Track\nLake Davon, OH 77447','1987-06-05','',''),(21,31,'Conner','Reichel','f','hoeger.zoie@example.org','69770 Brown Square Suite 258\nNew Theo, OK 29615','2005-05-24','',''),(22,39,'Nigel','Kris','f','daphne.fahey@example.com','9470 Alysha Ford\nWest Robinchester, AZ 28645','1976-10-08','',''),(23,27,'Jarrell','Bartell','f','bjohns@example.org','300 Bayer Common\nKeeblerfurt, TX 69395','1986-11-05','',''),(24,46,'Afton','Wolff','m','nhartmann@example.net','547 Willms Knoll Apt. 144\nYeseniabury, UT 16922-2108','1988-05-03','',''),(25,44,'Mervin','McLaughlin','m','medhurst.anibal@example.com','5066 Beer Radial\nSchmittland, NJ 47267-2818','1981-03-22','',''),(26,18,'Patsy','Metz','f','padberg.mariane@example.com','413 Baumbach Mountains\nWest Jada, LA 71330-4579','2020-05-21','',''),(27,1,'Alden','Howe','m','smitham.dan@example.com','73963 Katharina Shores\nKuvaliston, IN 66364','2013-06-20','',''),(28,10,'Jordyn','Block','m','considine.renee@example.net','95820 Hermiston Estate Suite 380\nHallefort, RI 68734-3105','2004-08-25','',''),(29,48,'Katheryn','Nienow','m','cruickshank.cathrine@example.org','915 Terrance Hill\nAngelton, CO 34099','1997-05-02','',''),(30,31,'Khalid','Jones','m','devan.lang@example.com','45611 Efren Manors Apt. 035\nClementtown, MI 71266-7208','1994-06-09','',''),(31,30,'Martina','Gutkowski','m','ebartell@example.net','8288 Sid Via\nNew Deven, MS 48525','2005-10-01','',''),(32,39,'Keira','Keebler','m','mitchell.batz@example.org','1498 Treutel Rue\nKayleighton, SD 94432-1448','2011-01-06','',''),(33,17,'Marcos','Kunze','m','sporer.russel@example.net','865 Kaya Ramp Apt. 962\nLurlineport, NC 69984-1191','1983-06-30','',''),(34,33,'Garett','Ferry','m','bmckenzie@example.net','79031 Goldner Field\nEast Savannatown, AK 41283-3822','1983-02-10','',''),(35,39,'Devin','Ebert','f','luettgen.margaret@example.com','567 Gaylord Drive Apt. 105\nPort Adrielmouth, NM 34778-8893','2019-03-05','',''),(36,27,'Jesus','Fay','m','kbrakus@example.org','578 Daugherty Camp\nJessikaside, AZ 28731-1146','2019-02-13','',''),(37,42,'Roman','Brekke','f','pdurgan@example.com','0707 Giovanna Club\nEast Janisstad, KS 76909-7005','1983-05-27','',''),(38,37,'Sydnee','Bins','f','nelle06@example.com','76345 Kathryne Canyon\nWyatthaven, MD 67990','1990-05-30','',''),(39,20,'Aiden','Koepp','f','ziemann.ruthe@example.org','83013 Doyle Flat\nSouth Florida, OH 31241-0530','1994-05-31','',''),(40,41,'Wilfrid','Ullrich','f','jaqueline.krajcik@example.com','46086 Tess Parkways Apt. 822\nKaseyberg, TN 48816','1997-05-31','',''),(41,3,'Melissa','Simonis','m','dbayer@example.com','554 Kailee Fork Apt. 771\nOrieport, VA 36759','2021-03-26','',''),(42,19,'Christina','Glover','m','cremin.pattie@example.org','89991 Satterfield Lights\nSouth Houston, TN 22479-7368','1986-12-29','',''),(43,6,'Frida','Metz','f','yasmeen51@example.net','74201 Duncan Islands\nEast Shainaville, CO 43554','1970-11-06','',''),(44,35,'Eliseo','Mann','m','mharvey@example.net','82785 Raynor Pine Suite 052\nSouth Terrystad, ID 67500-7456','2001-11-05','',''),(45,18,'Brycen','Ziemann','m','ashanahan@example.com','56104 Carlotta Views\nNorth Alihaven, IN 01704','1989-12-01','',''),(46,2,'Aniyah','Howe','f','daphnee.metz@example.org','58983 Erna Keys\nMcClurefurt, NM 24710','2007-07-19','',''),(47,31,'Kali','Sanford','m','johns.cassandre@example.com','1595 Borer Freeway Suite 349\nScottieland, NM 19470','2017-04-14','',''),(48,47,'August','Quigley','f','cali.welch@example.com','796 Gutkowski Canyon\nPort Jaronburgh, NM 32077-8116','1983-07-05','',''),(49,33,'Woodrow','Will','m','hrolfson@example.org','8605 Mitchell Mountains\nBuckridgechester, MO 06148-2649','1979-07-24','','');
/*!40000 ALTER TABLE `Clients_Contacts_Info` ENABLE KEYS */;
UNLOCK TABLES;

--
-- Table structure for table `Employees`
--

DROP TABLE IF EXISTS `Employees`;
/*!40101 SET @saved_cs_client     = @@character_set_client */;
/*!50503 SET character_set_client = utf8mb4 */;
CREATE TABLE `Employees` (
  `idEmployees` int unsigned NOT NULL,
  `Work_with_Conpany` int unsigned NOT NULL,
  `Name` varchar(45) CHARACTER SET utf8mb4 COLLATE utf8mb4_unicode_ci NOT NULL,
  `Surname` varchar(45) CHARACTER SET utf8mb4 COLLATE utf8mb4_unicode_ci NOT NULL,
  `Position` varchar(45) CHARACTER SET utf8mb4 COLLATE utf8mb4_unicode_ci NOT NULL,
  `Department` varchar(45) CHARACTER SET utf8mb4 COLLATE utf8mb4_unicode_ci DEFAULT NULL,
  `Work_with_Contact` int unsigned NOT NULL COMMENT 'Контактное лицо клиента, с которым взаимодействует сотрудник',
  PRIMARY KEY (`idEmployees`),
  KEY `fk_Employees_Clients_Companies1_idx` (`Work_with_Conpany`),
  KEY `fk_Employees_Clients_Companies2_idx` (`Work_with_Contact`),
  CONSTRAINT `fk_Employees_Clients_Companies1` FOREIGN KEY (`Work_with_Conpany`) REFERENCES `Clients_Companies` (`Company_id`),
  CONSTRAINT `fk_Employees_Clients_Companies2` FOREIGN KEY (`Work_with_Contact`) REFERENCES `Clients_Contacts` (`Company_id`)
) ENGINE=InnoDB DEFAULT CHARSET=utf8mb4 COLLATE=utf8mb4_unicode_ci COMMENT='Сотрудники нашей компании (менеджеры, работающие с клиентами) ';
/*!40101 SET character_set_client = @saved_cs_client */;

--
-- Dumping data for table `Employees`
--

LOCK TABLES `Employees` WRITE;
/*!40000 ALTER TABLE `Employees` DISABLE KEYS */;
INSERT INTO `Employees` VALUES (2,5,'Korey','Bartell','',NULL,22),(5,13,'Avis','Schinner','',NULL,17),(6,8,'Tre','Jakubowski','',NULL,18),(16,37,'Octavia','Bernier','',NULL,49),(29,46,'Robb','Klocko','',NULL,22),(38,23,'Edgardo','Stoltenberg','',NULL,13),(44,31,'Gail','Ryan','',NULL,30),(45,35,'Josh','Rosenbaum','',NULL,46),(46,2,'Bart','Kemmer','',NULL,46),(53,39,'Magnus','Olson','',NULL,36),(65,14,'Arjun','Rolfson','',NULL,21),(66,31,'Dallin','Beier','',NULL,34),(69,40,'Kareem','Parisian','',NULL,13),(83,26,'Thad','Bernhard','',NULL,39),(92,22,'Yadira','Torphy','',NULL,36),(93,36,'Elyse','Bauch','',NULL,13),(97,8,'Owen','Okuneva','',NULL,41),(99,26,'Percival','D\'Amore','',NULL,16);
/*!40000 ALTER TABLE `Employees` ENABLE KEYS */;
UNLOCK TABLES;

--
-- Table structure for table `Message`
--

DROP TABLE IF EXISTS `Message`;
/*!40101 SET @saved_cs_client     = @@character_set_client */;
/*!50503 SET character_set_client = utf8mb4 */;
CREATE TABLE `Message` (
  `idMessage` int NOT NULL AUTO_INCREMENT,
  `Text` text CHARACTER SET utf8mb4 COLLATE utf8mb4_unicode_ci,
  `From_Employees_idEmployees` int unsigned DEFAULT NULL,
  `To_Client` int unsigned NOT NULL,
  `Created_at` datetime NOT NULL DEFAULT CURRENT_TIMESTAMP,
  PRIMARY KEY (`idMessage`),
  KEY `fk_Message_Employees1_idx` (`From_Employees_idEmployees`),
  KEY `fk_Message_Clients_Contacts1_idx` (`To_Client`),
  CONSTRAINT `fk_Message_Employees1` FOREIGN KEY (`From_Employees_idEmployees`) REFERENCES `Employees` (`idEmployees`)
) ENGINE=InnoDB AUTO_INCREMENT=201 DEFAULT CHARSET=utf8mb4 COLLATE=utf8mb4_unicode_ci COMMENT='Сообщения, которые сотрудники направляют клиентам (например, о статусе выполнения заказа) ';
/*!40101 SET character_set_client = @saved_cs_client */;

--
-- Dumping data for table `Message`
--

LOCK TABLES `Message` WRITE;
/*!40000 ALTER TABLE `Message` DISABLE KEYS */;
INSERT INTO `Message` VALUES (1,'Hatter, with an air of great dismay, and began to feel which way it was all finished, the Owl, as a last resource, she put one arm out of sight: then it watched the Queen till she was now about two.',83,50,'2020-09-22 20:24:34'),(2,'King. The White Rabbit read out, at the Lizard as she leant against a buttercup to rest her chin in salt water. Her first idea was that you weren\'t to talk to.\' \'How are you thinking of?\' \'I beg.',29,4,'1985-01-12 09:43:31'),(3,'Gryphon, \'she wants for to know your history, she do.\' \'I\'ll tell it her,\' said the Dormouse. \'Write that down,\' the King said to herself, \'after such a very hopeful tone though), \'I won\'t interrupt.',69,42,'2002-09-21 19:16:48'),(4,'ARE a simpleton.\' Alice did not venture to go from here?\' \'That depends a good character, But said I could say if I only knew how to spell \'stupid,\' and that in about half no time! Take your.',97,25,'1975-10-14 09:13:35'),(5,'Lizard\'s slate-pencil, and the three gardeners instantly jumped up, and reduced the answer to it?\' said the Mock Turtle. \'Hold your tongue, Ma!\' said the White Rabbit, jumping up and say \"Who am I.',NULL,40,'1984-08-08 18:32:28'),(6,'Has lasted the rest of my own. I\'m a hatter.\' Here the other side of WHAT?\' thought Alice to herself, as she could, for her to carry it further. So she tucked her arm affectionately into Alice\'s,.',65,3,'1979-03-23 08:26:37'),(7,'Duchess, as she spoke, but no result seemed to have it explained,\' said the youth, \'as I mentioned before, And have grown most uncommonly fat; Yet you finished the guinea-pigs!\' thought Alice. \'I\'m.',NULL,35,'1989-09-08 03:02:10'),(8,'ME, and told me you had been anxiously looking across the garden, and I shall see it again, but it did not like to see that the Queen said to Alice, she went in search of her skirt, upsetting all.',46,23,'1991-07-31 03:36:49'),(9,'Majesty,\' he began, \'for bringing these in: but I don\'t know one,\' said Alice, seriously, \'I\'ll have nothing more happened, she decided to remain where she was terribly frightened all the right.',44,33,'1982-11-15 01:37:41'),(10,'Caterpillar took the opportunity of adding, \'You\'re looking for eggs, I know who I WAS when I learn music.\' \'Ah! that accounts for it,\' said the Queen, who was a good thing!\' she said to herself, as.',97,38,'1971-07-14 03:47:08'),(11,'Alice didn\'t think that there was a queer-shaped little creature, and held out its arms and frowning at the March Hare. \'He denies it,\' said the Gryphon, \'that they WOULD go with the glass table as.',5,38,'1980-04-18 07:02:44'),(12,'Cheshire Cat,\' said Alice: \'I don\'t like them!\' When the pie was all about, and crept a little startled by seeing the Cheshire Cat: now I shall be a comfort, one way--never to be found: all she.',65,30,'1976-05-13 03:29:07'),(13,'So she was ready to play with, and oh! ever so many out-of-the-way things to happen, that it was her turn or not. So she set to partners--\' \'--change lobsters, and retire in same order,\' continued.',65,34,'2003-06-18 10:52:07'),(14,'Queen\'s shrill cries to the rose-tree, she went down on their hands and feet at the Hatter, with an M, such as mouse-traps, and the whole party look so grave that she let the Dormouse sulkily.',38,1,'2017-01-16 11:29:20'),(15,'Alice kept her eyes anxiously fixed on it, and finding it very nice, (it had, in fact, a sort of people live about here?\' \'In THAT direction,\' waving the other was sitting on the end of the song..',5,23,'1972-05-28 10:28:55'),(16,'SAID was, \'Why is a very humble tone, going down on their slates, when the tide rises and sharks are around, His voice has a timid voice at her with large round eyes, and feebly stretching out one.',66,42,'1998-05-28 01:22:49'),(17,'Alice went on, \'you see, a dog growls when it\'s pleased. Now I growl when I\'m angry. Therefore I\'m mad.\' \'I call it sad?\' And she began fancying the sort of a good way off, and found in it about.',45,44,'1977-02-23 07:25:09'),(18,'Rabbit say to this: so she waited. The Gryphon lifted up both its paws in surprise. \'What! Never heard of such a capital one for catching mice you can\'t be civil, you\'d better leave off,\' said the.',NULL,7,'2008-11-06 15:54:15'),(19,'Heads below!\' (a loud crash)--\'Now, who did that?--It was Bill, I fancy--Who\'s to go among mad people,\' Alice remarked. \'Right, as usual,\' said the Queen, who were lying round the table, but it just.',69,42,'2009-12-14 00:47:22'),(20,'Alice could bear: she got used to read fairy-tales, I fancied that kind of thing never happened, and now here I am now? That\'ll be a very little! Besides, SHE\'S she, and I\'m sure I can\'t see you?\'.',66,6,'1980-03-29 17:57:02'),(21,'Alice)--\'and perhaps you were down here with me! There are no mice in the shade: however, the moment she appeared on the bank, with her head was so much frightened to say which), and they walked off.',65,9,'2009-01-20 18:30:42'),(22,'Alice had learnt several things of this rope--Will the roof was thatched with fur. It was the White Rabbit read out, at the end.\' \'If you please, sir--\' The Rabbit Sends in a very decided tone:.',6,35,'2006-12-25 02:56:07'),(23,'Please, Ma\'am, is this New Zealand or Australia?\' (and she tried to speak, and no room to grow up again! Let me see: I\'ll give them a new pair of white kid gloves: she took courage, and went back to.',NULL,34,'1985-10-16 16:25:31'),(24,'Alice, \'how am I to get into that lovely garden. First, however, she again heard a little shriek and a large mushroom growing near her, about four inches deep and reaching half down the bottle, she.',6,11,'1997-07-18 09:08:41'),(25,'King. The White Rabbit as he came, \'Oh! the Duchess, the Duchess! Oh! won\'t she be savage if I\'ve kept her eyes to see what was the Duchess\'s cook. She carried the pepper-box in her pocket) till she.',38,3,'2013-01-14 08:35:58'),(26,'Alice, feeling very glad to do with this creature when I got up very sulkily and crossed over to the Queen, tossing her head to hide a smile: some of them at dinn--\' she checked herself hastily. \'I.',99,20,'2018-07-03 22:35:46'),(27,'Alice watched the Queen to play croquet with the dream of Wonderland of long ago: and how she was about a foot high: then she walked up towards it rather timidly, as she ran. \'How surprised he\'ll be.',92,28,'1987-04-11 00:19:05'),(28,'THAT\'S a good deal frightened at the beginning,\' the King sharply. \'Do you mean \"purpose\"?\' said Alice. \'Well, I hardly know--No more, thank ye; I\'m better now--but I\'m a deal faster than it does.\'.',99,20,'2006-11-21 22:55:49'),(29,'CHORUS. \'Wow! wow! wow!\' While the Owl had the best way you have just been picked up.\' \'What\'s in it?\' said the King. \'Then it doesn\'t matter much,\' thought Alice, and, after waiting till she was.',16,15,'1983-10-22 13:33:39'),(30,'I\'m NOT a serpent, I tell you!\' said Alice. \'You must be,\' said the youth, \'as I mentioned before, And have grown most uncommonly fat; Yet you finished the first figure!\' said the March Hare, who.',45,14,'1978-08-08 11:09:50'),(31,'Duchess by this time?\' she said to a mouse, you know. So you see, so many out-of-the-way things to happen, that it might happen any minute, \'and then,\' thought she, \'if people had all to lie down on.',83,3,'1990-06-15 12:43:50'),(32,'Caterpillar, just as she spoke. (The unfortunate little Bill had left off staring at the Footman\'s head: it just grazed his nose, and broke to pieces against one of them with large eyes full of the.',5,9,'1971-05-08 16:45:37'),(33,'King added in a tone of great surprise. \'Of course it is,\' said the Pigeon had finished. \'As if I shall have to ask his neighbour to tell me your history, you know,\' the Hatter said, turning to the.',97,50,'2007-10-30 03:04:15'),(34,'Queen till she got into it), and sometimes she scolded herself so severely as to bring but one; Bill\'s got the other--Bill! fetch it back!\' \'And who are THESE?\' said the Caterpillar. This was such a.',38,32,'2019-02-21 01:39:56'),(35,'It doesn\'t look like one, but the tops of the guinea-pigs cheered, and was going to begin with.\' \'A barrowful of WHAT?\' thought Alice; \'I might as well look and see after some executions I have.',NULL,47,'1992-03-04 04:26:50'),(36,'I was a sound of a globe of goldfish she had gone through that day. \'A likely story indeed!\' said the Hatter. \'I deny it!\' said the Eaglet. \'I don\'t much care where--\' said Alice. \'Exactly so,\' said.',NULL,21,'2018-06-03 03:37:40'),(37,'White Rabbit cried out, \'Silence in the after-time, be herself a grown woman; and how she would feel with all speed back to the other, trying every door, she ran off at once: one old Magpie began.',5,46,'2010-04-07 16:05:55'),(38,'I wish I could shut up like a sky-rocket!\' \'So you think I may as well go in ringlets at all; and I\'m sure _I_ shan\'t be able! I shall have somebody to talk about trouble!\' said the cook. \'Treacle,\'.',5,49,'1989-08-06 09:53:56'),(39,'William and offer him the crown. William\'s conduct at first she would catch a bat, and that\'s all the time they were nice grand words to say.) Presently she began nursing her child again, singing a.',65,11,'1993-06-29 21:37:23'),(40,'King: \'leave out that one of the sense, and the Dormouse went on, \'if you don\'t even know what they\'re about!\' \'Read them,\' said the King. \'Nothing whatever,\' said Alice. \'Then it wasn\'t trouble.',16,43,'2004-04-03 20:21:53'),(41,'VERY tired of swimming about here, O Mouse!\' (Alice thought this a good opportunity for repeating his remark, with variations. \'I shall sit here,\' the Footman continued in the middle. Alice kept her.',38,8,'1975-09-07 19:32:07'),(42,'I\'m Mabel, I\'ll stay down here with me! There are no mice in the lock, and to wonder what they\'ll do next! As for pulling me out of a treacle-well--eh, stupid?\' \'But they were nice grand words to.',29,4,'2013-07-27 22:00:39'),(43,'Alice. \'Why?\' \'IT DOES THE BOOTS AND SHOES.\' the Gryphon replied rather impatiently: \'any shrimp could have told you butter wouldn\'t suit the works!\' he added looking angrily at the top of her.',69,12,'2018-11-10 07:13:03'),(44,'Why, she\'ll eat a bat?\' when suddenly, thump! thump! down she came upon a time there were any tears. No, there were no arches left, and all her coaxing. Hardly knowing what she was as steady as.',46,45,'1998-11-10 20:34:44'),(45,'Dinah, tell me who YOU are, first.\' \'Why?\' said the Duchess: \'flamingoes and mustard both bite. And the executioner myself,\' said the Pigeon; \'but if you\'ve seen them so often, of course was, how to.',53,45,'1971-03-05 07:54:40'),(46,'She was close behind her, listening: so she waited. The Gryphon lifted up both its paws in surprise. \'What! Never heard of one,\' said Alice. \'It goes on, you know,\' Alice gently remarked; \'they\'d.',16,14,'2016-10-30 13:03:40'),(47,'Gryphon went on, \'\"--found it advisable to go down the middle, being held up by a very pretty dance,\' said Alice to herself, as well say,\' added the Queen. \'Their heads are gone, if it had come back.',97,13,'1971-07-31 05:56:21'),(48,'It\'s high time to go, for the first to break the silence. \'What day of the jurors had a VERY good opportunity for croqueting one of the earth. Let me see: I\'ll give them a railway station.) However,.',46,44,'2013-02-03 08:30:33'),(49,'He moved on as he spoke. \'UNimportant, of course, Alice could see it trying in a hoarse growl, \'the world would go through,\' thought poor Alice, that she had someone to listen to her. The Cat seemed.',NULL,39,'2019-07-16 09:23:15'),(50,'After a while, finding that nothing more to come, so she felt that she was ready to agree to everything that Alice had got to come before that!\' \'Call the next thing is, to get very tired of sitting.',NULL,3,'1992-04-09 11:42:47'),(51,'All the time they were trying to make ONE respectable person!\' Soon her eye fell on a little ledge of rock, and, as a lark, And will talk in contemptuous tones of her hedgehog. The hedgehog was.',69,11,'1984-11-08 16:42:20'),(52,'Alice, with a large canvas bag, which tied up at the righthand bit again, and put back into the court, \'Bring me the list of the jury asked. \'That I can\'t understand it myself to begin lessons:.',46,40,'2009-10-14 15:19:24'),(53,'Nile On every golden scale! \'How cheerfully he seems to be full of tears, but said nothing. \'When we were little,\' the Mock Turtle is.\' \'It\'s the Cheshire Cat sitting on a little timidly, \'why you.',6,30,'2004-08-19 07:20:42'),(54,'Don\'t let him know she liked them best, For this must be removed,\' said the King put on his flappers, \'--Mystery, ancient and modern, with Seaography: then Drawling--the Drawling-master was an.',83,35,'1977-10-10 21:10:53'),(55,'Alice called out \'The Queen! The Queen!\' and the moment she appeared; but she did so, very carefully, remarking, \'I really must be the right way of speaking to a lobster--\' (Alice began to feel very.',92,47,'2015-08-09 05:10:49'),(56,'Queen. \'Well, I hardly know--No more, thank ye; I\'m better now--but I\'m a hatter.\' Here the Queen had only one way of nursing it, (which was to find her in such a subject! Our family always HATED.',53,4,'1977-09-23 16:46:32'),(57,'Alice was soon left alone. \'I wish I hadn\'t quite finished my tea when I was sent for.\' \'You ought to be almost out of sight before the trial\'s over!\' thought Alice. \'I don\'t believe you do either!\'.',5,40,'1988-06-19 06:22:59'),(58,'Poor Alice! It was all very well as she could, and soon found herself falling down a jar from one minute to another! However, I\'ve got to?\' (Alice had no pictures or conversations in it, and kept.',6,39,'2020-06-21 22:25:17'),(59,'Duck. \'Found IT,\' the Mouse in the act of crawling away: besides all this, there was no time to go, for the end of the court. All this time she had somehow fallen into the air off all its feet at.',2,32,'2018-10-24 14:36:24'),(60,'And the muscular strength, which it gave to my boy, I beat him when he pleases!\' CHORUS. \'Wow! wow! wow!\' \'Here! you may stand down,\' continued the Gryphon. \'Then, you know,\' said the Queen jumped.',66,29,'1970-05-28 05:04:40'),(61,'This time there were no arches left, and all of them didn\'t know it was only sobbing,\' she thought, and rightly too, that very few things indeed were really impossible. There seemed to be found: all.',53,42,'2013-04-06 23:32:28'),(62,'The executioner\'s argument was, that you think I can remember feeling a little door was shut again, and all sorts of little birds and animals that had made out the answer to it?\' said the Hatter..',93,23,'2012-06-18 19:33:35'),(63,'Gryphon, \'that they WOULD put their heads off?\' shouted the Queen in front of them, and it\'ll sit up and down in an offended tone, \'so I should think you\'ll feel it a very short time the Queen said.',5,15,'2002-09-23 23:01:46'),(64,'No, there were three little sisters,\' the Dormouse crossed the court, without even looking round. \'I\'ll fetch the executioner went off like an arrow. The Cat\'s head with great curiosity. \'It\'s a.',38,17,'2005-02-27 17:13:12'),(65,'Latitude was, or Longitude I\'ve got to?\' (Alice had no idea what a delightful thing a bit!\' said the Cat, and vanished. Alice was just saying to her in a coaxing tone, and everybody laughed, \'Let.',5,41,'1978-05-11 23:10:11'),(66,'Duchess sang the second thing is to give the prizes?\' quite a crowd of little Alice herself, and nibbled a little before she got up this morning? I almost wish I could not help thinking there MUST.',44,39,'2001-01-21 03:04:26'),(67,'King said gravely, \'and go on for some time busily writing in his sleep, \'that \"I like what I could say if I was, I shouldn\'t want YOURS: I don\'t know one,\' said Alice, in a low, trembling voice..',2,43,'2007-07-07 17:25:49'),(68,'IX. The Mock Turtle\'s Story \'You can\'t think how glad I am to see if she meant to take the hint; but the Hatter went on again:-- \'I didn\'t mean it!\' pleaded poor Alice. \'But you\'re so easily.',53,7,'2004-09-29 21:07:59'),(69,'A Caucus-Race and a Dodo, a Lory and an old woman--but then--always to have no idea what you\'re at!\" You know the way the people that walk with their hands and feet at once, she found she could not.',45,15,'1998-02-20 14:51:40'),(70,'She felt very lonely and low-spirited. In a little irritated at the end of the house!\' (Which was very hot, she kept tossing the baby violently up and down, and was surprised to find that she let.',92,12,'2002-06-23 20:25:39'),(71,'HIM TO YOU,\"\' said Alice. \'Then you should say \"With what porpoise?\"\' \'Don\'t you mean \"purpose\"?\' said Alice. \'Why, you don\'t even know what it was: at first was in the lock, and to wonder what they.',16,18,'1995-12-26 23:19:22'),(72,'Caterpillar. \'I\'m afraid I don\'t care which happens!\' She ate a little pattering of feet on the ground as she spoke. (The unfortunate little Bill had left off when they had a little timidly, \'why.',38,14,'1981-10-04 02:51:08'),(73,'NO mistake about it: it was the first witness,\' said the Mock Turtle sighed deeply, and drew the back of one flapper across his eyes. He looked at them with one finger; and the moon, and memory, and.',6,24,'2017-03-10 00:57:07'),(74,'March--just before HE went mad, you know--\' (pointing with his head!\' or \'Off with her head!\' about once in her head, and she felt that there was silence for some minutes. The Caterpillar and Alice.',2,9,'2003-03-16 22:23:17'),(75,'Alice, feeling very curious to know when the White Rabbit, with a melancholy tone: \'it doesn\'t seem to dry me at home! Why, I haven\'t had a wink of sleep these three weeks!\' \'I\'m very sorry you\'ve.',5,35,'2009-05-14 22:54:53'),(76,'I know. Silence all round, if you don\'t explain it is all the unjust things--\' when his eye chanced to fall upon Alice, as she went on eagerly: \'There is such a curious plan!\' exclaimed Alice. \'And.',83,30,'1975-11-06 15:43:49'),(77,'Rabbit came near her, about four inches deep and reaching half down the bottle, saying to herself, \'Which way? Which way?\', holding her hand on the top of the Queen to play croquet.\' Then they all.',53,30,'1987-12-27 08:43:07'),(78,'Alice, who felt ready to talk nonsense. The Queen\'s Croquet-Ground A large rose-tree stood near the entrance of the day; and this was of very little use without my shoulders. Oh, how I wish you.',2,31,'2016-08-09 06:44:12'),(79,'Though they were IN the well,\' Alice said to herself, \'it would have called him Tortoise because he taught us,\' said the Caterpillar. \'I\'m afraid I\'ve offended it again!\' For the Mouse replied.',93,17,'1998-02-20 00:24:34'),(80,'Mock Turtle recovered his voice, and, with tears again as she did not quite like the right thing to eat her up in a low voice. \'Not at first, perhaps,\' said the Mock Turtle, \'they--you\'ve seen them,.',97,48,'2015-06-22 17:20:56'),(81,'Pray, what is the same thing a Lobster Quadrille is!\' \'No, indeed,\' said Alice. \'Oh, don\'t bother ME,\' said Alice in a sulky tone, as it went. So she stood looking at them with large round eyes, and.',6,15,'1977-11-17 11:11:30'),(82,'Alice looked round, eager to see what would happen next. First, she dreamed of little pebbles came rattling in at the Mouse\'s tail; \'but why do you know about this business?\' the King added in an.',69,8,'1995-09-22 08:00:13'),(83,'Alice watched the Queen never left off staring at the March Hare,) \'--it was at the sides of it; and as for the rest of the Mock Turtle is.\' \'It\'s the first figure,\' said the Hatter, \'I cut some.',6,13,'1973-04-12 20:18:45'),(84,'I to get in?\' asked Alice again, in a low curtain she had put on your shoes and stockings for you now, dears? I\'m sure I don\'t remember where.\' \'Well, it must be the use of repeating all that.',38,30,'1984-11-12 22:27:33'),(85,'Alice began to repeat it, when a cry of \'The trial\'s beginning!\' was heard in the chimney close above her: then, saying to herself as she swam about, trying to box her own children. \'How should I.',53,6,'1986-12-31 05:56:58'),(86,'When the sands are all pardoned.\' \'Come, THAT\'S a good many little girls in my kitchen AT ALL. Soup does very well without--Maybe it\'s always pepper that had a wink of sleep these three weeks!\' \'I\'m.',92,38,'2000-01-26 18:36:36'),(87,'Oh, my dear paws! Oh my fur and whiskers! She\'ll get me executed, as sure as ferrets are ferrets! Where CAN I have to beat time when I was a paper label, with the bones and the Queen said to the.',46,6,'1983-03-29 19:16:28'),(88,'The Fish-Footman began by producing from under his arm a great letter, nearly as she could do to come down the middle, wondering how she would have this cat removed!\' The Queen turned crimson with.',2,32,'1980-12-31 20:31:30'),(89,'I should be free of them say, \'Look out now, Five! Don\'t go splashing paint over me like that!\' \'I couldn\'t afford to learn it.\' said the Duchess; \'I never went to school in the middle, wondering.',65,4,'2015-02-13 18:37:47'),(90,'Alice aloud, addressing nobody in particular. \'She\'d soon fetch it back!\' \'And who are THESE?\' said the King. (The jury all wrote down on their slates, and she felt that there was a little glass.',92,32,'1991-08-05 07:50:24'),(91,'Hatter, and here the conversation a little. \'\'Tis so,\' said the Caterpillar. \'Not QUITE right, I\'m afraid,\' said Alice, and tried to fancy to cats if you like,\' said the Mock Turtle. \'Very much.',83,27,'2011-04-26 10:03:24'),(92,'Indeed, she had plenty of time as she had finished, her sister kissed her, and the Queen, the royal children; there were no arches left, and all sorts of things--I can\'t remember things as I.',16,14,'2004-06-04 03:51:14'),(93,'A little bright-eyed terrier, you know, and he went on eagerly. \'That\'s enough about lessons,\' the Gryphon only answered \'Come on!\' and ran till she was now about two feet high: even then she looked.',5,12,'2015-03-03 10:04:39'),(94,'English coast you find a thing,\' said the Duchess; \'and that\'s a fact.\' Alice did not appear, and after a few yards off. The Cat seemed to follow, except a little of her sharp little chin into.',93,49,'2004-04-27 12:56:01'),(95,'The Mouse looked at the thought that SOMEBODY ought to have lessons to learn! Oh, I shouldn\'t want YOURS: I don\'t want YOU with us!\"\' \'They were learning to draw, you know--\' She had not gone much.',65,41,'2007-06-22 22:57:46'),(96,'Luckily for Alice, the little crocodile Improve his shining tail, And pour the waters of the Gryphon, and the Hatter went on without attending to her, And mentioned me to him: She gave me a pair of.',97,37,'1997-03-22 10:38:41'),(97,'King exclaimed, turning to Alice: he had taken advantage of the Nile On every golden scale! \'How cheerfully he seems to grin, How neatly spread his claws, And welcome little fishes in With gently.',5,32,'1986-05-23 14:47:39'),(98,'Mary Ann, what ARE you doing out here? Run home this moment, I tell you!\' But she went down to nine inches high. CHAPTER VI. Pig and Pepper For a minute or two, it was certainly not becoming. \'And.',93,13,'2008-01-16 18:20:55'),(99,'I hadn\'t quite finished my tea when I sleep\" is the use of a sea of green leaves that had fallen into it: there were any tears. No, there were ten of them, and then the different branches of.',93,9,'2013-05-30 03:51:52'),(100,'THAT in a whisper, half afraid that it felt quite relieved to see how he can EVEN finish, if he wasn\'t one?\' Alice asked. The Hatter shook his head mournfully. \'Not I!\' he replied. \'We quarrelled.',93,21,'1978-09-23 17:19:06'),(101,'Queen,\' and she had never had fits, my dear, I think?\' he said to herself \'It\'s the thing at all. However, \'jury-men\' would have done that, you know,\' the Mock Turtle. \'Hold your tongue!\' added the.',38,33,'1973-12-12 11:04:12'),(102,'M--\' \'Why with an M?\' said Alice. \'Why not?\' said the Dodo. Then they all spoke at once, in a minute or two, it was certainly not becoming. \'And that\'s the jury-box,\' thought Alice, \'and why it is.',6,39,'2005-05-18 10:35:09'),(103,'Hatter, who turned pale and fidgeted. \'Give your evidence,\' the King and the words have got in your pocket?\' he went on eagerly: \'There is such a thing as a partner!\' cried the Gryphon. \'We can do.',83,10,'1986-09-26 19:27:44'),(104,'Alice hastily replied; \'at least--at least I know who I WAS when I was going to say,\' said the King, \'unless it was empty: she did not sneeze, were the verses the White Rabbit, \'and that\'s a fact.\'.',45,16,'2003-02-01 22:08:46'),(105,'Wonderland of long ago: and how she would catch a bat, and that\'s all you know about this business?\' the King exclaimed, turning to Alice again. \'No, I didn\'t,\' said Alice: \'besides, that\'s not a.',29,9,'1989-07-24 21:25:40'),(106,'Some of the doors of the birds and beasts, as well as she remembered the number of executions the Queen of Hearts were seated on their slates, and then hurried on, Alice started to her in an.',99,2,'1999-02-25 01:57:37'),(107,'As she said to herself what such an extraordinary ways of living would be offended again. \'Mine is a long silence after this, and she went slowly after it: \'I never said I didn\'t!\' interrupted.',69,9,'2002-10-31 09:45:45'),(108,'Duchess: \'and the moral of that is, but I don\'t know what to uglify is, you see, Miss, this here ought to be two people! Why, there\'s hardly room for YOU, and no one could possibly hear you.\' And.',38,40,'1970-11-26 09:14:19'),(109,'Gryphon. \'I mean, what makes them sour--and camomile that makes the matter on, What would become of me? They\'re dreadfully fond of pretending to be rude, so she bore it as you liked.\' \'Is that all?\'.',45,9,'1976-09-05 13:50:51'),(110,'He trusts to you how it was neither more nor less than a rat-hole: she knelt down and looked into its face was quite silent for a great deal to come before that!\' \'Call the next witness.\' And he.',83,50,'2009-09-17 00:14:32'),(111,'So she began: \'O Mouse, do you know that Cheshire cats always grinned; in fact, I didn\'t know that Cheshire cats always grinned; in fact, a sort of mixed flavour of cherry-tart, custard, pine-apple,.',99,35,'1990-10-18 23:22:46'),(112,'I wonder if I\'ve kept her waiting!\' Alice felt that she might find another key on it, (\'which certainly was not here before,\' said the Rabbit in a moment: she looked down, was an old crab, HE was.\'.',69,4,'2012-04-30 02:39:39'),(113,'There was a table, with a sudden leap out of the way YOU manage?\' Alice asked. The Hatter looked at the top of her or of anything else. CHAPTER V. Advice from a Caterpillar The Caterpillar and Alice.',38,30,'1982-07-25 05:21:44'),(114,'Gryphon, and the White Rabbit blew three blasts on the song, perhaps?\' \'I\'ve heard something splashing about in a dreamy sort of people live about here?\' \'In THAT direction,\' waving the other two.',38,9,'1979-11-11 05:04:17'),(115,'After a minute or two she walked down the hall. After a while, finding that nothing more happened, she decided on going into the teapot. \'At any rate it would be QUITE as much right,\' said the.',83,9,'2005-08-07 13:22:24'),(116,'I could show you our cat Dinah: I think I could, if I like being that person, I\'ll come up: if not, I\'ll stay down here with me! There are no mice in the prisoner\'s handwriting?\' asked another of.',65,4,'2012-04-30 03:47:24'),(117,'The table was a sound of many footsteps, and Alice looked at Alice, as she could. The next witness was the only one who got any advantage from the Queen never left off when they liked, and left.',92,38,'1976-10-31 16:53:47'),(118,'The Mouse looked at Alice. \'I\'M not a bit afraid of it. Presently the Rabbit came near her, she began, in a furious passion, and went in. The door led right into it. \'That\'s very curious!\' she.',93,30,'2019-09-07 00:34:21'),(119,'Dormouse; \'--well in.\' This answer so confused poor Alice, \'to speak to this mouse? Everything is so out-of-the-way down here, that I should like to drop the jar for fear of killing somebody, so.',97,12,'1987-09-23 07:05:13'),(120,'There was a little bit, and said to herself; \'the March Hare said--\' \'I didn\'t!\' the March Hare went on. Her listeners were perfectly quiet till she had got its neck nicely straightened out, and was.',97,10,'1978-08-09 18:09:17'),(121,'I wonder what CAN have happened to you? Tell us all about for some time without interrupting it. \'They were learning to draw, you know--\' She had just begun \'Well, of all the players, except the.',45,44,'1991-10-09 10:59:26'),(122,'RIGHT FOOT, ESQ. HEARTHRUG, NEAR THE FENDER, (WITH ALICE\'S LOVE). Oh dear, what nonsense I\'m talking!\' Just then she walked sadly down the chimney?--Nay, I shan\'t! YOU do it!--That I won\'t,.',29,6,'1999-08-28 12:29:54'),(123,'Alice thought), and it said nothing. \'When we were little,\' the Mock Turtle persisted. \'How COULD he turn them out with his whiskers!\' For some minutes the whole she thought to herself \'Now I can.',2,27,'2018-12-21 03:57:24'),(124,'Come on!\' \'Everybody says \"come on!\" here,\' thought Alice, \'they\'re sure to make out that she was peering about anxiously among the people near the door of the Queen\'s absence, and were resting in.',97,21,'2005-09-11 19:29:16'),(125,'I don\'t want to go! Let me see: that would be offended again. \'Mine is a long breath, and said nothing. \'Perhaps it hasn\'t one,\' Alice ventured to ask. \'Suppose we change the subject of.',69,34,'2009-02-27 13:04:42'),(126,'Pigeon. \'I can tell you just now what the next witness. It quite makes my forehead ache!\' Alice watched the White Rabbit returning, splendidly dressed, with a deep voice, \'are done with a smile..',45,35,'1979-09-24 05:51:43'),(127,'Duchess: \'and the moral of that is--\"Oh, \'tis love, that makes them so shiny?\' Alice looked all round her at the bottom of a well?\' \'Take some more tea,\' the March Hare said to the Dormouse, and.',44,6,'1992-01-16 15:54:09'),(128,'Mock Turtle said with some severity; \'it\'s very rude.\' The Hatter was the same thing as a boon, Was kindly permitted to pocket the spoon: While the Panther were sharing a pie--\' [later editions.',83,34,'1978-02-27 09:43:38'),(129,'French mouse, come over with diamonds, and walked a little quicker. \'What a funny watch!\' she remarked. \'It tells the day and night! You see the Mock Turtle went on, \'I must be kind to them,\'.',69,4,'1973-06-22 08:57:31'),(130,'Why, I do hope it\'ll make me larger, it must be off, then!\' said the Hatter. \'He won\'t stand beating. Now, if you please! \"William the Conqueror, whose cause was favoured by the Hatter, \'when the.',92,24,'2006-08-18 20:56:00'),(131,'MORE than nothing.\' \'Nobody asked YOUR opinion,\' said Alice. The King turned pale, and shut his eyes.--\'Tell her about the crumbs,\' said the Duchess: \'what a clear way you go,\' said the Hatter: \'I\'m.',29,21,'2009-05-10 16:54:49'),(132,'Mouse heard this, it turned a back-somersault in at once.\' And in she went. Once more she found her head on her spectacles, and began whistling. \'Oh, there\'s no use in knocking,\' said the Rabbit.',53,4,'2006-03-19 02:38:19'),(133,'Jack-in-the-box, and up the other, saying, in a helpless sort of circle, (\'the exact shape doesn\'t matter,\' it said,) and then nodded. \'It\'s no business there, at any rate: go and get ready for your.',6,19,'2011-08-23 01:07:38'),(134,'Knave was standing before them, in chains, with a trumpet in one hand and a large caterpillar, that was linked into hers began to say when I breathe\"!\' \'It IS a Caucus-race?\' said Alice; \'but when.',66,6,'1998-02-15 04:59:09'),(135,'Eaglet, and several other curious creatures. Alice led the way, was the cat.) \'I hope they\'ll remember her saucer of milk at tea-time. Dinah my dear! I shall be punished for it now, I suppose, by.',65,28,'1992-02-08 15:29:09'),(136,'Off--\' \'Nonsense!\' said Alice, \'we learned French and music.\' \'And washing?\' said the Mock Turtle, \'Drive on, old fellow! Don\'t be all day about it!\' Last came a little startled by seeing the.',38,1,'1998-02-27 19:57:47'),(137,'Duchess by this very sudden change, but she stopped hastily, for the hedgehogs; and in another moment that it seemed quite natural to Alice a little scream, half of them--and it belongs to a shriek,.',45,28,'2011-07-24 23:38:02'),(138,'The Gryphon sat up and walking off to the Knave. The Knave of Hearts, and I shall ever see you again, you dear old thing!\' said the Caterpillar, and the Dormouse crossed the court, arm-in-arm with.',6,23,'1985-11-08 20:16:53'),(139,'The Caterpillar was the BEST butter, you know.\' Alice had no idea what you\'re talking about,\' said Alice. \'I\'ve tried the roots of trees, and I\'ve tried hedges,\' the Pigeon in a louder tone. \'ARE.',5,3,'2001-09-09 05:33:23'),(140,'They had not gone much farther before she had found her head pressing against the ceiling, and had to kneel down on their slates, and she thought it had finished this short speech, they all cheered..',93,39,'1994-06-01 23:05:13'),(141,'I must be collected at once in the same thing as \"I get what I say--that\'s the same as they all quarrel so dreadfully one can\'t hear oneself speak--and they don\'t seem to encourage the witness at.',69,14,'2014-04-15 13:07:39'),(142,'On various pretexts they all spoke at once, she found she had to leave off being arches to do THAT in a whisper.) \'That would be the best thing to nurse--and she\'s such a thing before, and behind it.',45,4,'1998-06-05 08:21:47'),(143,'Exactly as we needn\'t try to find her in a coaxing tone, and she dropped it hastily, just in time to wash the things between whiles.\' \'Then you shouldn\'t talk,\' said the Duchess, digging her sharp.',44,10,'1973-12-06 04:16:48'),(144,'I suppose?\' \'Yes,\' said Alice very politely; but she stopped hastily, for the next verse.\' \'But about his toes?\' the Mock Turtle yet?\' \'No,\' said Alice. \'It must have been a RED rose-tree, and we.',83,4,'1984-07-29 02:47:08'),(145,'Alice, very much confused, \'I don\'t believe it,\' said the Cat. \'Do you play croquet with the bread-and-butter getting so used to it!\' pleaded poor Alice. \'But you\'re so easily offended!\' \'You\'ll get.',29,29,'1980-08-12 09:04:22'),(146,'Footman seemed to Alice severely. \'What are tarts made of?\' \'Pepper, mostly,\' said the Gryphon. \'We can do without lobsters, you know. Come on!\' \'Everybody says \"come on!\" here,\' thought Alice, and,.',53,26,'1985-06-15 04:36:44'),(147,'THAT like?\' said Alice. \'Nothing WHATEVER?\' persisted the King. \'I can\'t explain it,\' said the White Rabbit, with a sigh: \'he taught Laughing and Grief, they used to call him Tortoise--\' \'Why did.',99,4,'2013-11-17 11:03:48'),(148,'Cheshire Cat,\' said Alice: \'--where\'s the Duchess?\' \'Hush! Hush!\' said the Dormouse: \'not in that poky little house, and wondering whether she ought to tell you--all I know THAT well enough; don\'t.',65,8,'2004-05-16 00:16:02'),(149,'Dormouse is asleep again,\' said the Knave, \'I didn\'t mean it!\' pleaded poor Alice. \'But you\'re so easily offended, you know!\' The Mouse did not like the name: however, it only grinned a little.',45,11,'2005-12-02 02:27:42'),(150,'WAS no one else seemed inclined to say a word, but slowly followed her back to her: first, because the chimneys were shaped like ears and whiskers, how late it\'s getting!\' She was looking about for.',29,2,'2015-09-01 11:42:06'),(151,'The Knave shook his grey locks, \'I kept all my life!\' She had already heard her voice close to her full size by this very sudden change, but very politely: \'Did you say \"What a pity!\"?\' the Rabbit.',83,29,'2000-02-25 04:34:43'),(152,'Five, \'and I\'ll tell you my history, and you\'ll understand why it is you hate--C and D,\' she added in an offended tone. And the Eaglet bent down its head to hide a smile: some of YOUR adventures.\'.',2,9,'1975-04-12 14:27:18'),(153,'As soon as she could for sneezing. There was nothing so VERY remarkable in that; nor did Alice think it so quickly that the best plan.\' It sounded an excellent opportunity for showing off her.',5,10,'1980-12-17 22:47:17'),(154,'Hare went \'Sh! sh!\' and the m--\' But here, to Alice\'s great surprise, the Duchess\'s cook. She carried the pepper-box in her pocket, and pulled out a race-course, in a court of justice before, but.',65,8,'1994-09-13 02:44:57'),(155,'Alice very politely; but she did not dare to laugh; and, as there seemed to be otherwise.\"\' \'I think you could see it trying in a very fine day!\' said a whiting before.\' \'I can see you\'re trying to.',29,24,'2007-11-27 10:00:34'),(156,'I hadn\'t begun my tea--not above a week or so--and what with the Dormouse. \'Don\'t talk nonsense,\' said Alice loudly. \'The idea of having nothing to do: once or twice, and shook itself. Then it got.',97,49,'1983-11-05 11:32:19'),(157,'I can\'t see you?\' She was a large flower-pot that stood near. The three soldiers wandered about in all directions, \'just like a wild beast, screamed \'Off with his head!\' or \'Off with his head!\' she.',83,19,'1984-02-13 16:28:34'),(158,'II. The Pool of Tears \'Curiouser and curiouser!\' cried Alice in a low voice, \'Why the fact is, you see, Miss, we\'re doing our best, afore she comes, to--\' At this moment Five, who had been to her,.',2,6,'1985-07-20 19:20:35'),(159,'Alice\'s first thought was that you had been found and handed back to them, they were lying on the top of his head. But at any rate,\' said Alice: \'she\'s so extremely--\' Just then she heard it say to.',65,39,'2017-09-30 09:30:10'),(160,'Now, if you drink much from a Caterpillar The Caterpillar and Alice looked all round the thistle again; then the other, looking uneasily at the great concert given by the fire, and at once set to.',16,42,'2017-06-06 20:45:31'),(161,'March Hare. \'He denies it,\' said the Gryphon. \'Then, you know,\' said Alice, rather doubtfully, as she could. The next thing was waving its tail about in all my limbs very supple By the use of a tree.',38,37,'2011-03-23 04:06:11'),(162,'I think?\' he said in a great thistle, to keep back the wandering hair that WOULD always get into that lovely garden. First, however, she went on muttering over the fire, licking her paws and washing.',38,16,'2011-03-19 10:48:00'),(163,'Alice; not that she did it at all; however, she waited patiently. \'Once,\' said the White Rabbit read out, at the door and went on without attending to her, still it was indeed: she was now, and she.',92,45,'2011-03-18 14:47:40'),(164,'Alice did not much surprised at this, but at any rate, the Dormouse began in a solemn tone, only changing the order of the court,\" and I never knew whether it was not much like keeping so close to.',46,12,'2003-03-12 18:34:04'),(165,'Alice. \'Of course twinkling begins with a great many teeth, so she went on saying to her usual height. It was the first witness,\' said the Queen, pointing to the puppy; whereupon the puppy made.',5,36,'1996-01-17 10:45:45'),(166,'COULD! I\'m sure I can\'t tell you his history,\' As they walked off together, Alice heard it before,\' said Alice,) and round Alice, every now and then the Mock Turtle replied in an encouraging tone..',29,44,'2005-01-28 23:40:06'),(167,'The Knave shook his head mournfully. \'Not I!\' he replied. \'We quarrelled last March--just before HE went mad, you know--\' (pointing with his head!\"\' \'How dreadfully savage!\' exclaimed Alice. \'And.',29,16,'2010-05-07 19:42:09'),(168,'I think you\'d better finish the story for yourself.\' \'No, please go on!\' Alice said to herself how she would gather about her other little children, and make THEIR eyes bright and eager with many a.',2,18,'2001-01-18 09:26:52'),(169,'Duck. \'Found IT,\' the Mouse was bristling all over, and she jumped up in spite of all her fancy, that: he hasn\'t got no business of MINE.\' The Queen had never been so much already, that it made no.',53,33,'2010-05-20 06:36:05'),(170,'I\'m NOT a serpent!\' said Alice sharply, for she was losing her temper. \'Are you content now?\' said the Duchess, the Duchess! Oh! won\'t she be savage if I\'ve been changed for any of them. However, on.',53,38,'2010-04-17 10:53:47'),(171,'Alice\'s shoulder as she ran; but the Dodo replied very solemnly. Alice was soon left alone. \'I wish the creatures order one about, and crept a little while, however, she waited patiently. \'Once,\'.',5,24,'2000-02-03 01:16:24'),(172,'However, \'jury-men\' would have done just as she ran; but the cook took the hookah out of the other end of the tea--\' \'The twinkling of the house!\' (Which was very provoking to find any. And yet you.',69,42,'2017-01-17 03:05:56'),(173,'Her chin was pressed hard against it, that attempt proved a failure. Alice heard it muttering to itself \'Then I\'ll go round a deal faster than it does.\' \'Which would NOT be an advantage,\' said.',92,38,'2009-12-31 18:10:10'),(174,'Alice, swallowing down her anger as well be at school at once.\' And in she went. Once more she found to be ashamed of yourself,\' said Alice, in a trembling voice to a lobster--\' (Alice began to cry.',99,19,'2003-07-11 23:40:33'),(175,'Caterpillar took the opportunity of adding, \'You\'re looking for them, but they were nice grand words to say.) Presently she began thinking over other children she knew, who might do something better.',53,7,'2010-06-13 05:39:01'),(176,'Exactly as we needn\'t try to find that the pebbles were all turning into little cakes as they lay on the ground as she added, \'and the moral of that is--\"The more there is of finding morals in.',16,43,'1972-09-14 14:17:55'),(177,'Suddenly she came upon a heap of sticks and dry leaves, and the great hall, with the next thing is, to get us dry would be quite absurd for her to begin.\' He looked at the righthand bit again, and.',93,27,'1992-02-15 17:54:48'),(178,'Alice, (she had kept a piece of evidence we\'ve heard yet,\' said the Cat; and this was of very little way forwards each time and a large kitchen, which was sitting on the end of the birds hurried off.',6,34,'2020-10-01 05:58:57'),(179,'Footman\'s head: it just at present--at least I mean what I should say what you had been anxiously looking across the field after it, never once considering how in the prisoner\'s handwriting?\' asked.',45,31,'2004-02-05 18:35:39'),(180,'Was kindly permitted to pocket the spoon: While the Duchess replied, in a thick wood. \'The first thing I\'ve got to the Mock Turtle. So she began looking at the beginning,\' the King said, for about.',97,28,'1974-01-17 11:04:27'),(181,'She had already heard her sentence three of the trial.\' \'Stupid things!\' Alice began telling them her adventures from the roof. There were doors all round the court was a table set out under a tree.',38,8,'1981-05-12 15:08:52'),(182,'Beautiful, beautiful Soup! Beau--ootiful Soo--oop! Beau--ootiful Soo--oop! Beau--ootiful Soo--oop! Soo--oop of the court. (As that is rather a hard word, I will prosecute YOU.--Come, I\'ll take no.',45,30,'2000-06-19 01:34:31'),(183,'Caterpillar. \'Well, I\'ve tried to look through into the air, I\'m afraid, but you might like to be executed for having cheated herself in a natural way. \'I thought it over a little three-legged.',46,23,'1970-01-22 04:30:14'),(184,'Hatter dropped his teacup instead of onions.\' Seven flung down his brush, and had to kneel down on their hands and feet, to make SOME change in my own tears! That WILL be a walrus or hippopotamus,.',99,50,'2010-04-03 07:52:32'),(185,'Mock Turtle, and to wonder what CAN have happened to you? Tell us all about it!\' and he hurried off. Alice thought she might find another key on it, (\'which certainly was not going to happen next..',5,25,'1981-05-04 15:16:59'),(186,'WAS a narrow escape!\' said Alice, seriously, \'I\'ll have nothing more happened, she decided to remain where she was, and waited. When the procession came opposite to Alice, and she went on, without.',83,9,'2007-02-16 17:41:50'),(187,'WHAT?\' thought Alice to herself. At this moment Alice appeared, she was considering in her hand, and made believe to worry it; then Alice, thinking it was looking for them, and it\'ll sit up and.',97,24,'2009-02-01 21:42:56'),(188,'There was nothing on it in the book,\' said the Mouse, in a minute or two the Caterpillar seemed to listen, the whole place around her became alive with the clock. For instance, suppose it doesn\'t.',99,38,'2005-05-24 12:24:24'),(189,'Alice to herself. At this moment the King, with an important air, \'are you all ready? This is the same as they would die. \'The trial cannot proceed,\' said the Dormouse; \'VERY ill.\' Alice tried to.',16,48,'1984-04-14 06:38:28'),(190,'Yet you finished the goose, with the Dormouse. \'Fourteenth of March, I think I could, if I shall think nothing of the Lizard\'s slate-pencil, and the moment she felt that she had succeeded in getting.',6,36,'1981-02-25 23:16:59'),(191,'King laid his hand upon her knee, and the game was going on, as she could. The next witness was the White Rabbit. She was walking by the hand, it hurried off, without waiting for turns, quarrelling.',5,17,'1985-11-24 21:09:15'),(192,'It\'s the most important piece of bread-and-butter in the distance, and she felt unhappy. \'It was the first figure,\' said the Gryphon. \'Do you play croquet with the Gryphon. \'Turn a somersault in the.',53,48,'1983-10-10 06:22:34'),(193,'Exactly as we were. My notion was that you think you can have no idea what to do, so Alice ventured to say. \'What is it?\' he said, \'on and off, for days and days.\' \'But what am I to do?\' said Alice..',93,36,'1980-02-26 12:14:50'),(194,'VERY deeply with a sudden burst of tears, until there was no more of it in less than a pig, and she looked down at her with large round eyes, and feebly stretching out one paw, trying to fix on one,.',66,14,'1981-07-22 16:43:08'),(195,'Gryphon, and the arm that was sitting between them, fast asleep, and the Dormouse fell asleep instantly, and Alice looked at it again: but he now hastily began again, using the ink, that was said,.',38,27,'1977-08-04 20:46:54'),(196,'I look like one, but the cook had disappeared. \'Never mind!\' said the Cat. \'I don\'t see any wine,\' she remarked. \'It tells the day of the sort. Next came an angry voice--the Rabbit\'s--\'Pat! Pat!.',92,32,'1995-05-26 21:51:46'),(197,'I\'ll have you executed.\' The miserable Hatter dropped his teacup instead of the goldfish kept running in her head, she tried another question. \'What sort of meaning in them, after all. \"--SAID I.',69,11,'2020-03-10 15:43:01'),(198,'March Hare. \'It was the first minute or two she stood still where she was, and waited. When the Mouse was swimming away from him, and said to herself, \'Why, they\'re only a child!\' The Queen turned.',16,8,'2015-05-22 21:22:05'),(199,'Alice, who felt ready to sink into the teapot. \'At any rate a book of rules for shutting people up like telescopes: this time the Queen of Hearts, she made out that she began again: \'Ou est ma.',66,8,'2017-09-01 13:13:10'),(200,'SOMETHING interesting is sure to happen,\' she said this, she noticed that they would call after her: the last few minutes, and she thought it would be worth the trouble of getting her hands on her.',6,36,'1987-10-22 19:17:03');
/*!40000 ALTER TABLE `Message` ENABLE KEYS */;
UNLOCK TABLES;

--
-- Table structure for table `Orders`
--

DROP TABLE IF EXISTS `Orders`;
/*!40101 SET @saved_cs_client     = @@character_set_client */;
/*!50503 SET character_set_client = utf8mb4 */;
CREATE TABLE `Orders` (
  `idOrders` int NOT NULL AUTO_INCREMENT,
  `Ordered_Product` int NOT NULL,
  `Created_at` datetime DEFAULT CURRENT_TIMESTAMP,
  `Comments` varchar(45) CHARACTER SET utf8mb4 COLLATE utf8mb4_unicode_ci DEFAULT NULL,
  `Ordered_by_Client` int unsigned NOT NULL COMMENT 'Какой клиент оформил заказ ',
  `Work_for_Employee` int unsigned NOT NULL COMMENT 'Какой сотрудник работает над заказом ',
  `Status` tinyint(1) NOT NULL DEFAULT '0' COMMENT '-1 - отклонен\n0 - в работе\n1 - выполнен',
  `Finished_at` datetime NOT NULL DEFAULT CURRENT_TIMESTAMP,
  PRIMARY KEY (`idOrders`),
  KEY `fk_Orders_Products1_idx` (`Ordered_Product`),
  KEY `fk_Orders_Clients_Contacts1_idx` (`Ordered_by_Client`),
  KEY `fk_Orders_Employees1_idx` (`Work_for_Employee`),
  CONSTRAINT `fk_company` FOREIGN KEY (`Ordered_by_Client`) REFERENCES `Clients_Companies` (`Company_id`),
  CONSTRAINT `fk_employee` FOREIGN KEY (`Work_for_Employee`) REFERENCES `Employees` (`idEmployees`),
  CONSTRAINT `fk_products` FOREIGN KEY (`Ordered_Product`) REFERENCES `Products` (`ID`)
) ENGINE=InnoDB AUTO_INCREMENT=101 DEFAULT CHARSET=utf8mb4 COLLATE=utf8mb4_unicode_ci COMMENT='Заказы клиентов';
/*!40101 SET character_set_client = @saved_cs_client */;

--
-- Dumping data for table `Orders`
--

LOCK TABLES `Orders` WRITE;
/*!40000 ALTER TABLE `Orders` DISABLE KEYS */;
INSERT INTO `Orders` VALUES (1,50,'2020-05-09 17:50:50','pariatur',17,44,-1,'2021-04-07 18:11:44'),(2,10,'2013-08-25 05:03:20','unde',28,99,-1,'2021-04-07 18:11:44'),(3,79,'2014-01-14 09:19:06','qui',40,66,-1,'2021-04-07 18:11:44'),(4,48,'1985-06-21 12:11:59','quam',20,38,0,'2021-04-07 18:11:44'),(5,3,'2009-12-24 20:51:11','quo',38,29,1,'2021-04-07 18:11:44'),(6,74,'1981-10-06 13:13:32','eos',43,53,-1,'2021-04-07 18:11:44'),(7,76,'2003-03-19 17:39:46','rerum',43,16,-1,'2021-04-07 18:11:44'),(8,76,'1978-06-23 12:37:16','dolorem',2,5,0,'2021-04-07 18:11:44'),(9,78,'1975-03-30 11:11:06','excepturi',40,45,-1,'2021-04-07 18:11:44'),(10,38,'1991-04-16 14:19:41','accusantium',42,29,1,'2021-04-07 18:11:44'),(11,22,'2004-09-11 10:45:38','non',16,65,-1,'2021-04-07 18:11:44'),(12,60,'2017-11-02 01:39:21','quia',20,6,-1,'2021-04-07 18:11:44'),(13,56,'1996-02-18 08:10:01','quia',10,97,0,'2021-04-07 18:11:44'),(14,21,'1980-03-02 06:29:33','esse',34,38,0,'2021-04-07 18:11:44'),(15,49,'2000-07-13 06:41:22','praesentium',35,5,-1,'2021-04-07 18:11:44'),(16,74,'1993-07-10 15:56:57','officiis',21,97,1,'2021-04-07 18:11:44'),(17,28,'1975-10-23 15:32:54','vel',9,83,0,'2021-04-07 18:11:44'),(18,45,'1992-10-09 11:53:29','atque',47,92,0,'2021-04-07 18:11:44'),(19,53,'1970-06-09 03:14:26','dolor',36,65,0,'2021-04-07 18:11:44'),(20,94,'2015-10-23 13:25:41','earum',4,45,0,'2021-04-07 18:11:44'),(21,19,'2008-12-29 23:24:50','enim',15,69,-1,'2021-04-07 18:11:44'),(22,78,'1995-02-26 16:00:54','laudantium',45,5,1,'2021-04-07 18:11:44'),(23,92,'1984-01-23 01:55:32','aut',23,38,0,'2021-04-07 18:11:44'),(24,84,'1980-01-05 02:23:04','consequatur',33,99,-1,'2021-04-07 18:11:44'),(25,16,'1994-09-27 01:37:15','consequatur',7,66,0,'2021-04-07 18:11:44'),(26,23,'2017-07-27 02:46:23','ducimus',44,5,0,'2021-04-07 18:11:44'),(27,14,'1991-07-14 02:52:24','dolor',7,29,-1,'2021-04-07 18:11:44'),(28,90,'1975-11-14 15:49:51','consectetur',30,16,1,'2021-04-07 18:11:44'),(29,70,'1977-10-19 02:18:56','similique',6,93,-1,'2021-04-07 18:11:44'),(30,27,'2007-01-28 22:14:06','vel',3,99,1,'2021-04-07 18:11:44'),(31,66,'1985-06-18 13:32:27','dolorum',12,29,0,'2021-04-07 18:11:44'),(32,36,'2014-06-22 07:07:02','dolorum',1,6,-1,'2021-04-07 18:11:44'),(33,46,'1989-11-05 09:03:40','non',47,65,0,'2021-04-07 18:11:44'),(34,75,'1974-07-29 00:18:20','consectetur',39,16,0,'2021-04-07 18:11:44'),(35,70,'2011-04-10 20:33:30','enim',47,44,1,'2021-04-07 18:11:44'),(36,35,'2013-11-08 20:33:25','nesciunt',8,16,0,'2021-04-07 18:11:44'),(37,41,'2001-01-25 14:25:06','consequatur',15,44,0,'2021-04-07 18:11:44'),(38,66,'2013-11-05 06:03:24','fugiat',10,97,1,'2021-04-07 18:11:44'),(39,84,'2010-08-04 19:57:30','id',44,2,1,'2021-04-07 18:11:44'),(40,72,'2003-04-04 12:10:40','corporis',7,5,-1,'2021-04-07 18:11:44'),(41,68,'2009-01-11 19:18:59','dolorem',40,38,1,'2021-04-07 18:11:44'),(42,92,'1972-01-28 02:57:16','sit',8,38,1,'2021-04-07 18:11:44'),(43,6,'1989-10-05 15:24:30','velit',31,29,-1,'2021-04-07 18:11:44'),(44,63,'2005-05-07 01:03:34','aut',17,2,0,'2021-04-07 18:11:44'),(45,84,'1978-03-25 04:50:05','voluptas',2,97,0,'2021-04-07 18:11:44'),(46,18,'1980-03-17 23:03:50','voluptatum',19,5,0,'2021-04-07 18:11:44'),(47,38,'2008-05-06 06:00:23','qui',40,44,1,'2021-04-07 18:11:44'),(48,71,'1993-09-26 14:38:45','magnam',23,53,-1,'2021-04-07 18:11:44'),(49,63,'2009-11-10 12:26:21','tenetur',14,45,-1,'2021-04-07 18:11:44'),(50,65,'2020-11-21 21:18:52','culpa',50,53,1,'2021-04-07 18:11:44'),(51,72,'2013-01-15 07:14:38','quia',34,44,-1,'2021-04-07 18:11:44'),(52,3,'1983-03-07 00:53:15','quia',30,46,-1,'2021-04-07 18:11:44'),(53,35,'1993-10-21 18:56:58','vel',32,5,0,'2021-04-07 18:11:44'),(54,59,'1988-07-27 23:46:15','porro',13,45,-1,'2021-04-07 18:11:44'),(55,59,'1975-02-26 18:16:34','fuga',4,46,0,'2021-04-07 18:11:44'),(56,51,'2008-10-10 15:18:42','consequatur',13,93,0,'2021-04-07 18:11:44'),(57,58,'1998-08-14 01:36:10','voluptatem',32,66,-1,'2021-04-07 18:11:44'),(58,94,'2005-07-10 14:56:52','eum',17,5,-1,'2021-04-07 18:11:44'),(59,48,'1993-02-06 13:21:39','qui',49,38,1,'2021-04-07 18:11:44'),(60,89,'2004-05-07 17:03:53','aperiam',31,38,-1,'2021-04-07 18:11:44'),(61,45,'2006-03-08 06:09:23','culpa',16,99,-1,'2021-04-07 18:11:44'),(62,79,'1996-07-15 15:07:04','commodi',18,53,0,'2021-04-07 18:11:44'),(63,28,'2009-05-25 00:07:07','et',35,16,-1,'2021-04-07 18:11:44'),(64,37,'1998-04-09 15:09:09','veritatis',14,45,1,'2021-04-07 18:11:44'),(65,80,'1986-04-27 23:59:21','nemo',43,46,0,'2021-04-07 18:11:44'),(66,26,'1992-06-05 05:31:48','dolorem',18,83,-1,'2021-04-07 18:11:44'),(67,10,'2011-10-27 13:48:37','possimus',48,44,-1,'2021-04-07 18:11:44'),(68,72,'2016-09-10 18:23:39','sint',44,69,1,'2021-04-07 18:11:44'),(69,78,'1974-01-02 11:22:17','commodi',18,69,-1,'2021-04-07 18:11:44'),(70,11,'1988-07-19 16:43:09','at',12,38,-1,'2021-04-07 18:11:44'),(71,43,'1983-02-04 20:18:13','esse',35,65,1,'2021-04-07 18:11:44'),(72,40,'2002-02-02 11:47:02','doloremque',24,99,-1,'2021-04-07 18:11:44'),(73,94,'1972-08-08 05:58:34','laborum',38,66,1,'2021-04-07 18:11:44'),(74,11,'2005-11-17 08:14:58','nobis',5,97,-1,'2021-04-07 18:11:44'),(75,53,'2018-06-05 04:26:06','odit',45,83,0,'2021-04-07 18:11:44'),(76,2,'2012-11-17 20:17:13','aliquam',8,6,1,'2021-04-07 18:11:44'),(77,77,'1985-05-15 02:27:56','eveniet',12,5,1,'2021-04-07 18:11:44'),(78,15,'1972-03-29 21:07:13','maiores',48,99,-1,'2021-04-07 18:11:44'),(79,87,'1976-11-11 05:45:16','earum',37,38,-1,'2021-04-07 18:11:44'),(80,54,'1991-04-29 13:14:46','cupiditate',42,53,0,'2021-04-07 18:11:44'),(81,83,'1999-05-05 11:20:25','aut',13,16,1,'2021-04-07 18:11:44'),(82,44,'1977-10-27 01:51:24','non',33,69,0,'2021-04-07 18:11:44'),(83,40,'2003-01-20 04:24:54','quos',30,45,-1,'2021-04-07 18:11:44'),(84,4,'2002-03-11 16:52:46','quod',36,53,0,'2021-04-07 18:11:44'),(85,96,'2014-03-14 11:25:00','aliquid',11,45,-1,'2021-04-07 18:11:44'),(86,74,'2013-05-22 11:16:56','dolorum',12,53,-1,'2021-04-07 18:11:44'),(87,88,'2018-04-04 11:08:55','alias',50,92,-1,'2021-04-07 18:11:44'),(88,96,'1975-11-29 11:48:43','quis',8,83,0,'2021-04-07 18:11:44'),(89,92,'2004-01-28 07:06:22','id',1,46,1,'2021-04-07 18:11:44'),(90,23,'1990-04-20 14:09:16','aliquid',28,38,1,'2021-04-07 18:11:44'),(91,77,'1970-09-06 23:46:07','eveniet',18,65,0,'2021-04-07 18:11:44'),(92,99,'1977-09-18 13:23:42','perspiciatis',40,16,1,'2021-04-07 18:11:44'),(93,67,'1999-12-28 02:08:08','dolorem',10,92,1,'2021-04-07 18:11:44'),(94,9,'1973-10-06 17:12:19','ut',11,46,0,'2021-04-07 18:11:44'),(95,60,'2008-06-12 12:20:45','aut',9,69,-1,'2021-04-07 18:11:44'),(96,1,'1987-10-26 01:11:44','cum',46,97,1,'2021-04-07 18:11:44'),(97,56,'1976-08-29 06:40:28','optio',40,97,-1,'2021-04-07 18:11:44'),(98,35,'2002-09-13 23:19:10','et',38,5,-1,'2021-04-07 18:11:44'),(99,9,'1984-08-08 03:27:17','eius',34,5,-1,'2021-04-07 18:11:44'),(100,56,'2015-02-10 01:15:54','quasi',45,66,1,'2021-04-07 18:11:44');
/*!40000 ALTER TABLE `Orders` ENABLE KEYS */;
UNLOCK TABLES;

--
-- Table structure for table `Partners`
--

DROP TABLE IF EXISTS `Partners`;
/*!40101 SET @saved_cs_client     = @@character_set_client */;
/*!50503 SET character_set_client = utf8mb4 */;
CREATE TABLE `Partners` (
  `Part_id` int unsigned NOT NULL AUTO_INCREMENT,
  `Part_name` varchar(45) CHARACTER SET utf8mb4 COLLATE utf8mb4_unicode_ci NOT NULL,
  `Website` varchar(45) CHARACTER SET utf8mb4 COLLATE utf8mb4_unicode_ci NOT NULL,
  `Client` int unsigned NOT NULL,
  PRIMARY KEY (`Part_id`),
  UNIQUE KEY `Website_UNIQUE` (`Website`),
  KEY `fk_Subsidiaries_Clients_Companies_idx` (`Client`)
) ENGINE=InnoDB AUTO_INCREMENT=101 DEFAULT CHARSET=utf8mb4 COLLATE=utf8mb4_unicode_ci COMMENT='Партнеры компаний-клиентов';
/*!40101 SET character_set_client = @saved_cs_client */;

--
-- Dumping data for table `Partners`
--

LOCK TABLES `Partners` WRITE;
/*!40000 ALTER TABLE `Partners` DISABLE KEYS */;
INSERT INTO `Partners` VALUES (1,'Ernser, Kub and Reichel','http://www.russelpfeffer.org/',6),(2,'Grimes, Runte and O\'Connell','http://wuckertvonrueden.com/',15),(3,'Johns PLC','http://tillman.com/',31),(4,'Cormier, Williamson and Schaden','http://halvorson.org/',47),(5,'Beahan-Bode','http://www.satterfield.com/',18),(6,'Wehner-Murphy','http://zulaufbarton.com/',27),(7,'Hyatt-Toy','http://muller.biz/',22),(8,'Macejkovic, Ferry and Feest','http://www.baumbach.com/',12),(9,'Fahey Inc','http://schadendicki.org/',31),(10,'Witting, Lakin and Donnelly','http://ziemann.org/',32),(11,'Schmidt Inc','http://thompsonmante.com/',11),(12,'Swift LLC','http://www.baumbach.org/',16),(13,'Fritsch Group','http://www.schmelererdman.com/',48),(14,'Bashirian, Streich and Padberg','http://www.rohanmorar.org/',49),(15,'Kassulke-Stamm','http://www.kossmohr.com/',20),(16,'Kuhic, Moen and Langosh','http://www.stehr.org/',5),(17,'McLaughlin-Sawayn','http://welch.com/',41),(18,'Monahan, White and Cummerata','http://cummingsjohns.com/',34),(19,'Bailey, Kunde and Wehner','http://hilpert.com/',33),(20,'Prosacco, Jenkins and Skiles','http://keeling.com/',27),(21,'Daniel LLC','http://lednermuller.com/',48),(22,'Konopelski PLC','http://www.streich.com/',25),(23,'Ferry, Sanford and Gibson','http://grahammertz.com/',24),(24,'Torphy and Sons','http://rodriguezdooley.net/',9),(25,'Bergstrom-Farrell','http://www.yundt.org/',41),(26,'Fay LLC','http://heathcote.com/',21),(27,'Beer, Shanahan and Hagenes','http://www.damorerau.biz/',39),(28,'Rath-McCullough','http://www.borer.net/',31),(29,'Armstrong Inc','http://www.effertzhoppe.biz/',1),(30,'Spencer-Ullrich','http://www.kassulkeeffertz.com/',49),(31,'Kerluke Ltd','http://kuhicbosco.com/',44),(32,'Johns, Bahringer and Marks','http://www.simonis.org/',6),(33,'Stiedemann PLC','http://goyettemuller.biz/',14),(34,'Ryan, O\'Reilly and Gislason','http://www.treutel.com/',25),(35,'Thiel LLC','http://lang.net/',3),(36,'Nader and Sons','http://larson.biz/',31),(37,'Quitzon PLC','http://howe.com/',2),(38,'Hansen-Ebert','http://www.legros.com/',24),(39,'Johnston Group','http://emardfahey.com/',42),(40,'Lueilwitz and Sons','http://www.vandervort.info/',32),(41,'Lebsack-Willms','http://www.stoltenberg.info/',5),(42,'Marquardt, Bruen and Hessel','http://www.dibbert.biz/',2),(43,'Emard and Sons','http://www.mosciski.com/',47),(44,'Turner, Zboncak and Kris','http://www.collinstrantow.info/',3),(45,'Zboncak, Labadie and Marks','http://www.powlowski.org/',50),(46,'Schulist LLC','http://www.wuckert.biz/',17),(47,'Schowalter, Bartoletti and Brown','http://dickinson.com/',8),(48,'Roob Group','http://www.mccullough.biz/',40),(49,'Quigley Ltd','http://auer.biz/',50),(50,'Runolfsson Inc','http://www.hayes.biz/',40),(51,'Bernier, Gutmann and Mitchell','http://www.schneider.com/',17),(52,'Hane, Bednar and Hahn','http://www.olsondickens.com/',48),(53,'Corwin-Stanton','http://www.lebsackmayert.com/',15),(54,'Waters, Raynor and Skiles','http://ankundingernser.com/',41),(55,'Trantow-Quigley','http://www.hellerrohan.com/',6),(56,'Rippin, Lueilwitz and Langworth','http://beier.info/',5),(57,'Stehr, Hartmann and Lehner','http://croninbotsford.com/',11),(58,'Schaefer, Langworth and Wilkinson','http://www.wizazemlak.org/',45),(59,'Anderson-Williamson','http://www.ortizreinger.info/',35),(60,'Sawayn Inc','http://douglas.com/',12),(61,'Muller-Jenkins','http://www.davisabernathy.com/',43),(62,'Nienow Group','http://gislasonkirlin.com/',29),(63,'Rohan-Nolan','http://www.beier.info/',18),(64,'Schinner PLC','http://www.osinski.com/',6),(65,'Mohr, Reinger and Gusikowski','http://www.hintz.com/',3),(66,'Cummings Ltd','http://huel.info/',20),(67,'Waters, Jaskolski and Graham','http://www.greenhettinger.org/',36),(68,'Bosco, Hickle and Hammes','http://www.boylegulgowski.net/',4),(69,'Breitenberg, Feil and Skiles','http://jast.com/',44),(70,'Berge-Quitzon','http://mckenzie.org/',28),(71,'Terry PLC','http://morissette.com/',35),(72,'Beatty, Maggio and Raynor','http://www.krajcik.net/',48),(73,'Senger-Hermiston','http://www.ohara.org/',29),(74,'Crooks, Goldner and Stamm','http://www.pagac.com/',32),(75,'Reichel-Legros','http://wunschshanahan.com/',1),(76,'Dach-Balistreri','http://bruencarter.net/',29),(77,'Halvorson Ltd','http://handconsidine.info/',48),(78,'Hahn, Abbott and Brekke','http://www.terry.org/',8),(79,'Nader, Mertz and Wyman','http://mcglynnroob.com/',19),(80,'Walker-Lindgren','http://www.wehnersawayn.biz/',48),(81,'Flatley-Reichert','http://www.marvin.biz/',48),(82,'Rice LLC','http://cummerata.com/',36),(83,'Reynolds Inc','http://www.rolfson.com/',45),(84,'Stanton Group','http://www.collins.com/',13),(85,'Dickens, Treutel and Jacobi','http://rodriguezhegmann.com/',26),(86,'Rempel-Von','http://www.bogisich.biz/',1),(87,'Sauer, Lakin and Parisian','http://www.powlowski.com/',18),(88,'Baumbach, Anderson and Quitzon','http://hermannsimonis.org/',37),(89,'Friesen PLC','http://lakin.com/',45),(90,'Farrell Ltd','http://cruickshanklubowitz.org/',2),(91,'Miller, Anderson and Reinger','http://walshhayes.biz/',48),(92,'Carroll-Breitenberg','http://www.padbergwest.com/',37),(93,'Stoltenberg, Rolfson and Hahn','http://www.braunlynch.com/',31),(94,'Gutkowski, Bergnaum and McClure','http://dietrichmuller.com/',15),(95,'Wisozk and Sons','http://www.ernserschultz.com/',43),(96,'Schinner-Howell','http://funk.com/',34),(97,'Littel, Prosacco and Leffler','http://www.smith.com/',35),(98,'Ullrich Ltd','http://www.toy.biz/',28),(99,'Nicolas-Fisher','http://hilpert.info/',38),(100,'Hilpert, Hauck and Legros','http://hane.biz/',28);
/*!40000 ALTER TABLE `Partners` ENABLE KEYS */;
UNLOCK TABLES;

--
-- Table structure for table `Products`
--

DROP TABLE IF EXISTS `Products`;
/*!40101 SET @saved_cs_client     = @@character_set_client */;
/*!50503 SET character_set_client = utf8mb4 */;
CREATE TABLE `Products` (
  `ID` int NOT NULL AUTO_INCREMENT,
  `Type` varchar(45) CHARACTER SET utf8mb4 COLLATE utf8mb4_unicode_ci NOT NULL,
  `Desc` varchar(45) CHARACTER SET utf8mb4 COLLATE utf8mb4_unicode_ci NOT NULL,
  `Price` decimal(10,2) NOT NULL,
  PRIMARY KEY (`ID`)
) ENGINE=InnoDB AUTO_INCREMENT=101 DEFAULT CHARSET=utf8mb4 COLLATE=utf8mb4_unicode_ci COMMENT='Перечень продуктов компании';
/*!40101 SET character_set_client = @saved_cs_client */;

--
-- Dumping data for table `Products`
--

LOCK TABLES `Products` WRITE;
/*!40000 ALTER TABLE `Products` DISABLE KEYS */;
INSERT INTO `Products` VALUES (1,'Visa','In quod sapiente autem dolorum commodi. Dolor',114752.00),(2,'MasterCard','Ut consequatur sed ut est qui officiis volupt',29597.00),(3,'Visa','Ipsum nesciunt id id natus. Autem atque dolor',125521.00),(4,'MasterCard','Molestias totam quia iste quibusdam. Eos et b',178159.00),(5,'MasterCard','Architecto eius et sapiente eum et libero. Ea',25338.00),(6,'Visa','Id suscipit aut et totam sequi voluptas quia ',102159.00),(7,'Visa','Incidunt est aliquam iste non quia blanditiis',36848.00),(8,'MasterCard','Commodi fuga et earum accusantium minima. Et ',137155.00),(9,'MasterCard','Necessitatibus quidem aspernatur ipsum aliqua',57275.00),(10,'Discover Card','Officiis ad in aut laborum sunt vel omnis. Ut',167417.00),(11,'MasterCard','Dolorum labore occaecati sit ea est aliquid i',150216.00),(12,'MasterCard','Voluptatem dolor voluptatem magni. Ipsam ipsa',91601.00),(13,'American Express','Occaecati et tempore et tempore. Repellendus ',177298.00),(14,'MasterCard','Itaque laborum nemo ut ut labore sint veritat',152569.00),(15,'Visa','Magnam occaecati magnam omnis eos. Et veniam ',149900.00),(16,'MasterCard','Et aut non consequuntur consequatur. Inventor',67922.00),(17,'Visa','Sed odit voluptas sit earum sint aut. Tenetur',116252.00),(18,'MasterCard','Incidunt ipsam cum possimus sed qui quos dolo',14810.00),(19,'Visa','Reprehenderit assumenda et repudiandae ipsum.',26800.00),(20,'MasterCard','Et sed ut cum laboriosam. Eligendi quisquam v',132548.00),(21,'MasterCard','Tempore enim est accusantium est hic iure et.',119509.00),(22,'MasterCard','Labore rerum quas ab iste cupiditate neque fu',174205.00),(23,'Discover Card','Provident aut perferendis quisquam consequatu',10180.00),(24,'Visa','A possimus maiores sed doloribus. Distinctio ',19349.00),(25,'Discover Card','Eos consequatur atque ad qui. Sed esse nostru',174069.00),(26,'MasterCard','Totam ut quod ut nam veniam ullam. Consequunt',27449.00),(27,'Visa','Omnis quas dolores tenetur ducimus et. Facere',45449.00),(28,'Visa','Consequuntur ea architecto deleniti aperiam q',74233.00),(29,'Visa','Natus amet fugiat et. Quasi et non vero unde ',164747.00),(30,'MasterCard','Aliquam odio ut ut et aliquam. Neque voluptat',121456.00),(31,'MasterCard','Sunt eos qui nam voluptatibus tenetur reprehe',36732.00),(32,'Visa','Ut doloremque et eaque at modi voluptates. At',83343.00),(33,'Visa','Doloribus ut saepe laudantium sint consequatu',81967.00),(34,'American Express','Doloremque neque consequatur optio. Aut praes',33862.00),(35,'Visa','Suscipit voluptatem inventore cumque impedit ',13512.00),(36,'MasterCard','Nesciunt voluptatem ullam harum perferendis q',83591.00),(37,'MasterCard','Aut architecto velit consequatur et ipsum qua',113734.00),(38,'Visa','Aut aperiam pariatur qui recusandae. Quas des',186637.00),(39,'MasterCard','Quis repellat possimus voluptates labore haru',13461.00),(40,'MasterCard','Sed illo itaque atque voluptatem. Modi quo re',25453.00),(41,'MasterCard','Sunt nostrum quos perferendis aut id. Sapient',63291.00),(42,'Visa','Quo est voluptates quo quos reiciendis. Error',19990.00),(43,'MasterCard','Distinctio fugiat quos fugit optio reiciendis',137434.00),(44,'MasterCard','Reprehenderit minus quidem sint voluptas. Asp',126858.00),(45,'MasterCard','Iure minus excepturi ad vitae et molestiae. P',194265.00),(46,'MasterCard','Necessitatibus saepe praesentium non eum et p',72637.00),(47,'American Express','Eius minima reprehenderit ea qui facere magni',123231.00),(48,'MasterCard','Fugit autem tempore sequi minima cupiditate i',16948.00),(49,'Visa','Tempore aut sed voluptas tempore eos expedita',40977.00),(50,'Visa','Harum quos doloribus consequatur voluptatem q',156109.00),(51,'Visa','Nam et voluptatem ut quos consequatur aliquam',38433.00),(52,'American Express','Enim dolores sapiente totam quibusdam dolorum',99277.00),(53,'MasterCard','Voluptate culpa atque pariatur est earum earu',60427.00),(54,'MasterCard','Velit odio et commodi aut ducimus dicta. Nequ',183075.00),(55,'MasterCard','Ex iusto tenetur et voluptatibus consequuntur',29702.00),(56,'MasterCard','Omnis quis quo expedita harum. Nemo sed dolor',118330.00),(57,'American Express','Ab nesciunt deserunt ut illo fuga. In id sed ',176609.00),(58,'MasterCard','Ab et voluptatem tenetur labore qui quisquam.',16509.00),(59,'MasterCard','Molestiae est dicta omnis iste odio iusto exe',103864.00),(60,'Visa','Laboriosam nobis sunt voluptatem veniam. Faci',193063.00),(61,'Visa','Ad sequi est atque neque assumenda autem. Et ',21719.00),(62,'Visa','Unde sit sed minima minus necessitatibus reru',98588.00),(63,'MasterCard','Incidunt dicta adipisci maiores qui et. Maxim',115187.00),(64,'MasterCard','Labore eligendi quia dolor impedit recusandae',90453.00),(65,'MasterCard','Reiciendis repellat aut voluptatibus. Eius ad',40540.00),(66,'Visa','Officia sunt sequi nihil sequi corporis. Nisi',119222.00),(67,'MasterCard','Ut et officia sit qui quaerat ea ut. Ut imped',185972.00),(68,'MasterCard','Et accusamus qui perspiciatis enim. Ex tempor',132947.00),(69,'Visa','Tempore adipisci fugit pariatur accusantium m',105418.00),(70,'MasterCard','Quo et optio doloremque commodi ad doloribus ',89330.00),(71,'Discover Card','Nobis eius et est iure nostrum magnam eaque. ',123710.00),(72,'American Express','Et excepturi consequatur fugiat laudantium et',118835.00),(73,'MasterCard','Fugit autem velit ut ab. Quis accusantium ist',37028.00),(74,'MasterCard','Qui impedit consequuntur architecto. Dolores ',60992.00),(75,'Visa','Quibusdam laboriosam occaecati non ullam non.',146311.00),(76,'Visa','Voluptatem et a nobis et eum. Consequuntur se',156894.00),(77,'Visa','Quam sit quos nesciunt fuga saepe eaque perfe',58661.00),(78,'American Express','Blanditiis consequatur aut dolor error. Quam ',84127.00),(79,'MasterCard','Quibusdam deserunt inventore eos hic illo vel',65166.00),(80,'MasterCard','Nesciunt voluptas eveniet qui dolor et. Exerc',31615.00),(81,'Visa','Dicta adipisci in iure corrupti autem est aut',133519.00),(82,'American Express','Illo blanditiis vel molestiae nobis sed. Susc',42480.00),(83,'MasterCard','Dolorem eveniet voluptatem pariatur natus ten',167174.00),(84,'Visa','Ea nihil ut quibusdam repudiandae provident t',52233.00),(85,'American Express','Rem id in voluptatibus. Aspernatur voluptate ',133166.00),(86,'MasterCard','Molestiae et cupiditate esse quam ipsum est. ',54318.00),(87,'Visa','Sit quis recusandae nemo rerum. Voluptatem no',177702.00),(88,'Visa','Tenetur qui rerum officia eos dicta sed. Et l',150702.00),(89,'Discover Card','Molestiae omnis sed omnis sapiente necessitat',51211.00),(90,'MasterCard','Dicta autem laboriosam expedita dolores place',128741.00),(91,'Visa','Et qui quis animi dolorem. Enim quia aut natu',144205.00),(92,'Visa','Maiores tenetur sunt saepe nihil sed ex animi',72267.00),(93,'MasterCard','Rerum laboriosam facilis soluta. Impedit temp',152307.00),(94,'American Express','Corrupti sit nam commodi sunt libero tempora ',68839.00),(95,'Visa','Repellat quia eum quaerat sit. Consequatur au',68636.00),(96,'Visa','Minus expedita adipisci aut et. In inventore ',80789.00),(97,'American Express','Ut maxime ipsam quos deserunt ducimus volupta',156395.00),(98,'MasterCard','Inventore et voluptates perferendis dicta tem',69368.00),(99,'MasterCard','Soluta nihil sit et aliquam. Deserunt ex omni',120025.00),(100,'American Express','Ipsa inventore voluptatem repellat consequunt',70233.00);
/*!40000 ALTER TABLE `Products` ENABLE KEYS */;
UNLOCK TABLES;

--
-- Temporary view structure for view `top-10_emp_by_writing_messages`
--

DROP TABLE IF EXISTS `top-10_emp_by_writing_messages`;
/*!50001 DROP VIEW IF EXISTS `top-10_emp_by_writing_messages`*/;
SET @saved_cs_client     = @@character_set_client;
/*!50503 SET character_set_client = utf8mb4 */;
/*!50001 CREATE VIEW `top-10_emp_by_writing_messages` AS SELECT 
 1 AS `Manager`,
 1 AS `Manager_Name`,
 1 AS `Message_amount`*/;
SET character_set_client = @saved_cs_client;

--
-- Final view structure for view `top-10_emp_by_writing_messages`
--

/*!50001 DROP VIEW IF EXISTS `top-10_emp_by_writing_messages`*/;
/*!50001 SET @saved_cs_client          = @@character_set_client */;
/*!50001 SET @saved_cs_results         = @@character_set_results */;
/*!50001 SET @saved_col_connection     = @@collation_connection */;
/*!50001 SET character_set_client      = utf8mb4 */;
/*!50001 SET character_set_results     = utf8mb4 */;
/*!50001 SET collation_connection      = utf8mb4_0900_ai_ci */;
/*!50001 CREATE ALGORITHM=UNDEFINED */
/*!50013 DEFINER=`root`@`localhost` SQL SECURITY DEFINER */
/*!50001 VIEW `top-10_emp_by_writing_messages` AS select `emp`.`idEmployees` AS `Manager`,concat(`emp`.`Name`,' ',`emp`.`Surname`) AS `Manager_Name`,count(`M`.`idMessage`) AS `Message_amount` from (((`orders` `ord` join `products` `prod` on((`prod`.`ID` = `ord`.`Ordered_Product`))) join `message` `M` on((`M`.`To_Client` = `ord`.`Ordered_by_Client`))) join `employees` `emp` on((`emp`.`idEmployees` = `M`.`From_Employees_idEmployees`))) group by `Manager` order by `Message_amount` desc limit 10 */;
/*!50001 SET character_set_client      = @saved_cs_client */;
/*!50001 SET character_set_results     = @saved_cs_results */;
/*!50001 SET collation_connection      = @saved_col_connection */;
/*!40103 SET TIME_ZONE=@OLD_TIME_ZONE */;

/*!40101 SET SQL_MODE=@OLD_SQL_MODE */;
/*!40014 SET FOREIGN_KEY_CHECKS=@OLD_FOREIGN_KEY_CHECKS */;
/*!40014 SET UNIQUE_CHECKS=@OLD_UNIQUE_CHECKS */;
/*!40101 SET CHARACTER_SET_CLIENT=@OLD_CHARACTER_SET_CLIENT */;
/*!40101 SET CHARACTER_SET_RESULTS=@OLD_CHARACTER_SET_RESULTS */;
/*!40101 SET COLLATION_CONNECTION=@OLD_COLLATION_CONNECTION */;
/*!40111 SET SQL_NOTES=@OLD_SQL_NOTES */;

-- Dump completed on 2021-04-09 13:36:12
