-- MySQL dump 10.13  Distrib 8.0.18, for macos10.14 (x86_64)
--
-- Host: localhost    Database: vk2
-- ------------------------------------------------------
-- Server version	8.0.23

/*!40101 SET @OLD_CHARACTER_SET_CLIENT=@@CHARACTER_SET_CLIENT */;
/*!40101 SET @OLD_CHARACTER_SET_RESULTS=@@CHARACTER_SET_RESULTS */;
/*!40101 SET @OLD_COLLATION_CONNECTION=@@COLLATION_CONNECTION */;
/*!50503 SET NAMES utf8 */;
/*!40103 SET @OLD_TIME_ZONE=@@TIME_ZONE */;
/*!40103 SET TIME_ZONE='+00:00' */;
/*!40014 SET @OLD_UNIQUE_CHECKS=@@UNIQUE_CHECKS, UNIQUE_CHECKS=0 */;
/*!40014 SET @OLD_FOREIGN_KEY_CHECKS=@@FOREIGN_KEY_CHECKS, FOREIGN_KEY_CHECKS=0 */;
/*!40101 SET @OLD_SQL_MODE=@@SQL_MODE, SQL_MODE='NO_AUTO_VALUE_ON_ZERO' */;
/*!40111 SET @OLD_SQL_NOTES=@@SQL_NOTES, SQL_NOTES=0 */;

--
-- Table structure for table `community`
--

DROP TABLE IF EXISTS `community`;
/*!40101 SET @saved_cs_client     = @@character_set_client */;
/*!50503 SET character_set_client = utf8mb4 */;
CREATE TABLE `community` (
  `id` int unsigned NOT NULL AUTO_INCREMENT,
  `name` varchar(45) CHARACTER SET utf8mb4 COLLATE utf8mb4_unicode_ci NOT NULL,
  `text` text CHARACTER SET utf8mb4 COLLATE utf8mb4_unicode_ci,
  `admin_id` int unsigned NOT NULL,
  `created_at` datetime NOT NULL DEFAULT CURRENT_TIMESTAMP,
  PRIMARY KEY (`id`),
  KEY `fk_community_user1_idx` (`admin_id`),
  CONSTRAINT `fk_community_user1` FOREIGN KEY (`admin_id`) REFERENCES `user` (`id`)
) ENGINE=InnoDB AUTO_INCREMENT=21 DEFAULT CHARSET=utf8mb4 COLLATE=utf8mb4_unicode_ci;
/*!40101 SET character_set_client = @saved_cs_client */;

--
-- Dumping data for table `community`
--

LOCK TABLES `community` WRITE;
/*!40000 ALTER TABLE `community` DISABLE KEYS */;
INSERT INTO `community` VALUES (1,'debitis','Enim quaerat itaque doloribus a cupiditate optio.',62,'1997-12-29 08:24:09'),(2,'at','Voluptatem id natus ut omnis et voluptas.',26,'2016-12-01 14:48:40'),(3,'saepe','Qui unde odio veniam provident suscipit sit id.',79,'1978-12-01 20:04:20'),(4,'enim','Modi possimus adipisci ducimus quibusdam ut reprehenderit.',69,'2011-05-06 10:26:21'),(5,'asperiores','Est facere laudantium minus qui.',83,'1978-11-06 17:38:02'),(6,'ipsum','Qui blanditiis ad deserunt.',95,'2003-11-09 16:41:03'),(7,'reiciendis','Consectetur ut sunt qui temporibus ex quia.',13,'2007-05-05 19:36:48'),(8,'quo','Mollitia quo ut quasi.',62,'1989-08-19 11:56:21'),(9,'facilis','Ab et similique rerum voluptates molestiae velit ratione.',83,'1978-01-06 14:23:52'),(10,'qui','Accusantium repellendus omnis ut consectetur id.',76,'1973-12-31 21:47:46'),(11,'eos','Earum et laboriosam officia ut illum officia accusantium.',93,'1970-01-08 16:39:46'),(12,'aut','Sit at et amet illum.',84,'1971-11-29 06:57:16'),(13,'quidem','Dolorum necessitatibus voluptatem rem nobis saepe voluptas eveniet.',102,'1982-08-06 09:40:22'),(14,'cumque','Dolor nihil dicta ex aliquid in id ratione.',78,'1982-08-15 23:28:51'),(15,'incidunt','Consequatur atque voluptas placeat soluta facere quos assumenda.',63,'2006-05-27 09:59:45'),(16,'ratione','Reprehenderit ea necessitatibus corporis.',66,'2020-05-31 16:34:27'),(17,'neque','Rerum est autem magni magni ut et beatae.',20,'2014-10-06 13:45:24'),(18,'blanditiis','Esse totam aperiam quo quis.',108,'2010-09-06 18:50:12'),(19,'est','Tenetur qui autem occaecati culpa.',95,'1978-11-26 23:40:13'),(20,'eaque','Rerum possimus similique accusantium et porro.',61,'1997-02-17 16:33:09');
/*!40000 ALTER TABLE `community` ENABLE KEYS */;
UNLOCK TABLES;

--
-- Table structure for table `friend_request`
--

DROP TABLE IF EXISTS `friend_request`;
/*!40101 SET @saved_cs_client     = @@character_set_client */;
/*!50503 SET character_set_client = utf8mb4 */;
CREATE TABLE `friend_request` (
  `from_user_id` int unsigned NOT NULL,
  `to_user_id` int unsigned NOT NULL,
  `status` tinyint(1) NOT NULL DEFAULT '0' COMMENT '-1 - отклонен\n0 - запрос\n1 - дружба',
  `created_at` datetime NOT NULL DEFAULT CURRENT_TIMESTAMP,
  `updated_at` datetime DEFAULT NULL ON UPDATE CURRENT_TIMESTAMP,
  PRIMARY KEY (`from_user_id`,`to_user_id`),
  KEY `fk_friend_request_user1_idx` (`from_user_id`),
  KEY `fk_friend_request_user2_idx` (`to_user_id`),
  CONSTRAINT `fk_friend_request_user1` FOREIGN KEY (`from_user_id`) REFERENCES `user` (`id`),
  CONSTRAINT `fk_friend_request_user2` FOREIGN KEY (`to_user_id`) REFERENCES `user` (`id`)
) ENGINE=InnoDB DEFAULT CHARSET=utf8mb4 COLLATE=utf8mb4_unicode_ci;
/*!40101 SET character_set_client = @saved_cs_client */;

--
-- Dumping data for table `friend_request`
--

LOCK TABLES `friend_request` WRITE;
/*!40000 ALTER TABLE `friend_request` DISABLE KEYS */;
INSERT INTO `friend_request` VALUES (11,92,-1,'2015-09-28 19:35:06','0000-00-00 00:00:00'),(12,59,0,'1972-12-12 17:09:52','0000-00-00 00:00:00'),(12,73,-1,'1988-10-18 14:21:36','0000-00-00 00:00:00'),(14,21,0,'1971-01-21 18:36:08','0000-00-00 00:00:00'),(14,95,0,'2003-12-04 13:49:03','1995-03-27 21:32:27'),(15,65,1,'1975-02-18 09:06:20','0000-00-00 00:00:00'),(16,74,-1,'2019-01-07 19:04:00','0000-00-00 00:00:00'),(17,79,-1,'2018-08-12 01:33:06','2012-11-02 04:30:17'),(20,20,1,'2007-10-14 09:47:17','0000-00-00 00:00:00'),(21,72,0,'2016-08-31 15:32:06','1996-06-20 05:53:48'),(25,12,0,'1973-09-09 00:23:35','0000-00-00 00:00:00'),(26,101,0,'2013-04-14 01:21:48','1997-11-10 20:38:11'),(27,24,-1,'1994-01-21 21:32:35','1977-04-23 05:50:11'),(28,59,-1,'1991-01-25 06:28:24','0000-00-00 00:00:00'),(28,79,-1,'1983-12-02 03:54:34','1978-03-10 13:55:03'),(29,24,0,'2008-12-25 03:59:50','2012-05-25 08:36:57'),(30,86,0,'1986-07-29 03:22:09','2003-01-27 13:13:54'),(33,45,-1,'1991-03-30 14:59:36','1972-01-05 04:07:53'),(33,89,1,'1984-07-31 11:24:30','2000-01-26 03:43:54'),(34,62,-1,'1985-05-02 14:05:56','2019-02-04 14:53:34'),(35,77,-1,'2013-09-24 20:36:41','1972-03-02 05:10:13'),(40,83,0,'2013-04-04 03:49:41','1979-06-05 14:40:27'),(41,22,1,'2020-05-01 20:13:11','1974-10-01 20:10:38'),(41,36,-1,'1979-03-05 12:18:38','2004-05-29 10:43:38'),(41,70,1,'1971-01-25 22:29:51','1992-05-08 22:17:27'),(43,61,1,'2008-10-04 01:48:43','2004-07-21 21:34:18'),(43,108,0,'1989-05-23 01:38:37','2005-04-02 12:44:50'),(44,34,0,'2006-12-17 03:05:28','2009-06-06 16:56:34'),(44,48,1,'2013-09-25 10:10:47','0000-00-00 00:00:00'),(44,59,1,'1999-07-06 06:25:29','1975-11-26 11:09:55'),(45,100,0,'1990-10-03 06:25:58','2003-07-19 04:56:39'),(45,101,0,'2019-02-23 23:47:43','2015-03-29 18:23:16'),(45,103,1,'2020-02-21 02:22:15','0000-00-00 00:00:00'),(46,21,1,'1985-03-02 12:06:37','0000-00-00 00:00:00'),(49,26,1,'1990-06-08 21:38:44','1987-10-21 19:12:10'),(49,37,-1,'2015-07-02 05:40:46','1994-09-23 10:48:22'),(49,45,-1,'1972-10-26 16:43:14','1975-11-18 23:30:46'),(51,22,1,'1987-06-28 03:56:06','0000-00-00 00:00:00'),(51,69,-1,'1977-11-14 11:41:36','1992-12-31 21:13:09'),(52,67,-1,'2014-03-21 21:45:28','1988-08-04 17:41:34'),(54,75,1,'2015-10-28 13:19:39','1993-08-19 03:29:37'),(55,11,-1,'1998-10-18 10:07:07','1993-06-11 19:42:03'),(55,61,0,'2019-09-11 23:56:03','0000-00-00 00:00:00'),(58,34,1,'2004-06-06 10:43:58','2007-09-25 08:00:25'),(58,63,-1,'1999-03-31 21:33:25','0000-00-00 00:00:00'),(59,22,0,'2008-08-08 13:02:19','0000-00-00 00:00:00'),(59,30,1,'2016-08-17 04:59:08','0000-00-00 00:00:00'),(59,31,1,'2016-02-20 14:44:29','2003-09-09 08:17:48'),(60,88,0,'2008-09-29 18:54:50','0000-00-00 00:00:00'),(61,26,1,'2004-04-15 22:22:07','1989-06-06 21:45:31'),(61,33,1,'2003-12-14 05:19:00','1991-04-18 11:08:19'),(61,74,0,'1979-06-03 12:06:47','1977-03-29 03:13:25'),(62,33,0,'1978-12-29 12:25:34','0000-00-00 00:00:00'),(62,92,1,'1993-04-24 08:10:02','0000-00-00 00:00:00'),(64,11,-1,'1993-06-15 22:44:49','1997-10-18 16:00:53'),(67,66,0,'2009-09-19 03:21:11','1971-02-09 04:36:58'),(68,30,-1,'1976-11-17 14:41:03','1984-01-09 18:12:16'),(68,107,0,'1984-11-30 14:38:09','0000-00-00 00:00:00'),(69,68,-1,'1972-12-08 14:11:00','2010-01-06 11:04:23'),(71,106,1,'1978-04-08 23:10:38','1993-05-18 16:38:28'),(72,58,-1,'2007-11-05 01:13:29','0000-00-00 00:00:00'),(72,68,-1,'2010-12-23 01:04:20','0000-00-00 00:00:00'),(73,32,0,'1997-05-06 11:53:30','0000-00-00 00:00:00'),(73,104,0,'1984-07-03 05:30:23','0000-00-00 00:00:00'),(74,40,1,'2005-01-17 05:22:27','0000-00-00 00:00:00'),(74,76,1,'1997-09-12 05:33:04','0000-00-00 00:00:00'),(76,43,0,'1994-06-26 14:30:10','0000-00-00 00:00:00'),(78,66,-1,'1989-09-09 05:12:37','1970-09-28 03:34:47'),(80,17,-1,'1991-08-16 01:24:44','0000-00-00 00:00:00'),(80,51,1,'2005-05-25 22:42:58','1986-04-04 02:08:14'),(82,47,1,'2002-01-03 09:39:34','2007-09-11 09:14:52'),(82,80,0,'1980-07-23 08:02:36','0000-00-00 00:00:00'),(83,58,-1,'1975-06-22 17:26:12','1990-12-29 07:35:36'),(84,73,-1,'2018-03-12 20:28:45','1971-05-25 07:44:38'),(86,24,0,'2002-03-05 05:52:07','0000-00-00 00:00:00'),(86,84,1,'1994-11-12 20:59:52','0000-00-00 00:00:00'),(88,19,1,'1972-04-14 12:42:17','1986-04-19 19:54:23'),(89,20,-1,'1998-10-03 13:00:22','0000-00-00 00:00:00'),(89,34,0,'1976-02-26 20:32:15','0000-00-00 00:00:00'),(92,110,-1,'1975-08-18 20:24:03','0000-00-00 00:00:00'),(96,110,1,'1976-12-26 21:22:47','1998-11-23 02:22:13'),(97,108,-1,'1981-03-27 10:25:24','1989-11-04 21:26:09'),(99,32,0,'1989-02-18 20:57:51','2004-04-11 12:18:08'),(99,52,0,'1985-11-23 17:36:01','2005-08-02 08:28:32'),(100,47,1,'1976-07-01 05:48:29','1998-10-07 08:10:25'),(101,61,1,'2010-09-27 08:33:29','0000-00-00 00:00:00'),(101,93,1,'1998-11-20 00:47:45','1982-10-11 04:24:44'),(102,12,1,'1990-02-19 08:36:04','2002-04-30 04:22:38'),(102,17,1,'1997-12-17 20:03:33','0000-00-00 00:00:00'),(102,54,-1,'2014-04-28 06:49:56','1993-09-30 08:12:56'),(103,21,0,'2006-11-22 14:04:59','2020-10-25 08:26:30'),(103,96,0,'1976-12-20 06:22:36','1995-02-01 19:17:00'),(103,103,1,'2002-02-01 14:57:40','1991-01-28 01:44:17'),(104,97,1,'2019-03-26 12:59:33','2005-04-18 07:34:09'),(105,32,-1,'1987-03-01 17:29:45','2013-03-07 07:42:32'),(106,21,1,'2012-05-21 00:53:17','2018-07-02 00:58:45'),(107,32,1,'1980-08-18 01:40:39','2018-02-08 20:26:50'),(108,106,1,'1999-06-13 20:04:33','1995-09-20 21:27:46'),(109,26,-1,'1980-08-01 08:09:57','2005-03-30 15:35:02'),(110,27,1,'1987-11-08 01:03:52','0000-00-00 00:00:00');
/*!40000 ALTER TABLE `friend_request` ENABLE KEYS */;
UNLOCK TABLES;

--
-- Table structure for table `likes`
--

DROP TABLE IF EXISTS `likes`;
/*!40101 SET @saved_cs_client     = @@character_set_client */;
/*!50503 SET character_set_client = utf8mb4 */;
CREATE TABLE `likes` (
  `idlikes` int NOT NULL AUTO_INCREMENT,
  `user_id` int unsigned DEFAULT NULL,
  `media_id` int unsigned DEFAULT NULL,
  `post_id` int unsigned DEFAULT NULL,
  `message_id` int unsigned DEFAULT NULL,
  PRIMARY KEY (`idlikes`),
  UNIQUE KEY `user_media` (`user_id`,`media_id`),
  UNIQUE KEY `user_post` (`user_id`,`post_id`),
  UNIQUE KEY `user_message` (`user_id`,`message_id`),
  KEY `fk_likes_user1_idx` (`user_id`),
  KEY `fk_likes_media1_idx` (`media_id`),
  KEY `fk_likes_post1_idx` (`post_id`),
  KEY `fk_likes_message1_idx` (`message_id`),
  CONSTRAINT `fk_likes_media1` FOREIGN KEY (`media_id`) REFERENCES `media` (`id`),
  CONSTRAINT `fk_likes_message1` FOREIGN KEY (`message_id`) REFERENCES `message` (`id`),
  CONSTRAINT `fk_likes_post1` FOREIGN KEY (`post_id`) REFERENCES `post` (`id`),
  CONSTRAINT `fk_likes_user1` FOREIGN KEY (`user_id`) REFERENCES `user` (`id`)
) ENGINE=InnoDB AUTO_INCREMENT=601 DEFAULT CHARSET=utf8mb4 COLLATE=utf8mb4_unicode_ci;
/*!40101 SET character_set_client = @saved_cs_client */;

--
-- Dumping data for table `likes`
--

LOCK TABLES `likes` WRITE;
/*!40000 ALTER TABLE `likes` DISABLE KEYS */;
INSERT INTO `likes` VALUES (301,89,45,8,79),(302,28,4,57,75),(303,88,10,13,34),(304,49,52,34,39),(305,99,9,66,70),(306,91,42,70,80),(307,105,87,68,96),(308,59,46,33,28),(309,100,40,7,8),(310,53,63,83,21),(311,83,95,54,11),(312,57,87,50,35),(313,106,15,5,76),(314,67,74,55,51),(315,70,23,46,9),(316,78,78,37,58),(317,27,43,66,60),(318,15,48,80,78),(319,52,34,89,88),(320,31,38,22,16),(321,63,27,91,9),(322,110,46,59,60),(323,79,4,68,37),(324,92,4,94,99),(325,56,59,58,51),(326,17,38,29,49),(327,82,17,36,92),(328,64,58,7,6),(329,94,98,14,84),(330,54,73,43,12),(331,86,10,48,57),(332,24,42,56,60),(333,11,13,11,7),(334,61,39,55,23),(335,66,91,14,10),(336,59,21,16,33),(337,29,30,16,62),(338,12,58,74,77),(339,78,21,34,82),(340,73,89,42,63),(341,12,53,70,53),(342,102,25,75,47),(343,26,89,56,64),(344,20,71,97,28),(345,110,13,89,1),(346,81,63,78,39),(347,93,12,20,45),(348,110,62,8,2),(349,24,77,54,5),(350,11,29,52,16),(351,27,7,80,26),(352,88,77,53,78),(353,100,42,79,60),(354,14,56,98,87),(355,77,18,32,67),(356,89,40,68,93),(357,26,22,98,17),(358,60,49,33,67),(359,66,13,92,33),(360,99,45,11,78),(361,97,89,38,91),(362,55,36,78,12),(363,63,9,78,32),(364,58,46,25,64),(365,77,22,81,16),(366,80,13,82,25),(367,35,74,58,14),(368,29,68,92,6),(369,66,29,96,1),(370,74,73,12,17),(371,92,89,48,30),(372,44,72,94,1),(373,104,74,16,63),(374,97,98,88,11),(375,82,45,25,90),(376,23,16,96,69),(377,54,91,69,8),(378,74,80,24,46),(379,79,72,76,3),(380,54,69,3,37),(381,53,19,100,29),(382,27,87,40,88),(383,42,64,78,44),(384,89,73,13,23),(385,74,81,31,28),(386,71,54,74,30),(387,36,49,32,70),(388,28,35,6,60),(389,64,5,88,70),(390,102,27,58,24),(391,101,36,68,69),(392,19,80,92,73),(393,71,22,100,21),(394,86,73,50,1),(395,31,82,70,39),(397,91,86,39,72),(398,23,96,95,3),(399,42,62,72,40),(400,52,63,12,2),(401,94,12,23,59),(402,94,73,60,5),(404,15,41,39,86),(405,36,77,57,38),(406,83,52,41,5),(407,24,12,44,56),(408,84,56,57,58),(409,77,80,17,51),(410,62,76,55,6),(411,16,98,75,11),(412,48,13,96,63),(413,100,53,1,63),(415,63,10,74,26),(416,76,31,84,32),(417,20,100,83,61),(418,85,37,66,81),(419,45,41,91,72),(420,63,86,35,43),(421,49,36,5,43),(422,87,71,61,29),(423,91,34,55,46),(424,75,38,78,74),(425,47,60,35,12),(426,107,100,92,32),(427,51,82,3,94),(428,78,38,36,6),(429,84,40,49,50),(430,21,10,78,92),(431,53,32,38,8),(432,79,16,81,6),(433,85,15,17,72),(434,25,8,3,56),(435,100,6,49,58),(436,54,84,64,17),(437,34,13,67,34),(438,32,44,26,64),(439,86,63,72,45),(440,88,52,50,53),(441,77,66,24,82),(442,84,27,37,64),(443,43,85,21,77),(444,78,85,93,92),(445,107,59,25,18),(446,13,51,82,79),(447,23,53,23,90),(448,15,72,43,71),(449,48,67,53,11),(450,103,89,75,26),(451,84,96,2,42),(452,90,95,33,77),(454,18,76,35,20),(455,39,57,10,33),(456,39,52,4,66),(457,28,56,77,11),(458,55,51,37,18),(459,56,39,59,26),(460,43,91,2,87),(461,58,96,43,56),(462,82,77,75,100),(463,44,85,32,62),(464,46,36,28,54),(465,102,4,65,36),(466,64,1,54,100),(467,49,13,26,72),(468,14,27,58,52),(469,33,100,7,94),(470,87,81,93,10),(471,76,25,72,1),(472,70,99,55,51),(473,12,19,86,56),(474,29,40,56,57),(475,62,81,28,55),(476,18,86,7,30),(477,95,13,23,62),(478,104,16,72,59),(479,50,43,60,99),(480,51,14,49,43),(481,42,35,99,50),(482,85,55,7,26),(483,45,35,81,43),(484,30,87,72,5),(485,110,95,66,93),(486,20,37,52,49),(487,90,11,48,20),(488,35,97,63,56),(490,26,12,31,51),(491,57,12,93,66),(492,109,65,70,98),(493,69,36,91,68),(494,82,43,17,51),(495,64,65,71,78),(496,71,34,33,92),(497,105,38,97,11),(498,60,28,61,96),(499,50,54,62,38),(500,28,32,36,77),(501,77,27,45,38),(502,79,61,89,22),(503,35,60,100,86),(504,103,32,77,88),(505,80,74,98,20),(506,11,59,15,40),(507,23,77,78,31),(509,50,51,12,9),(510,21,100,31,36),(511,70,30,22,52),(512,72,98,40,31),(513,81,37,50,72),(514,106,65,12,9),(515,51,89,39,49),(516,12,45,22,42),(517,105,34,50,6),(518,44,80,42,93),(519,19,63,44,70),(520,70,83,1,31),(521,30,51,3,16),(523,13,63,4,5),(524,17,26,46,1),(525,69,96,7,92),(526,85,48,85,84),(527,20,28,54,70),(528,21,54,1,31),(529,14,3,46,19),(530,27,70,75,20),(531,42,79,25,38),(532,14,71,39,63),(533,76,46,55,41),(534,103,39,25,3),(535,77,78,72,77),(536,42,72,8,36),(537,85,53,54,92),(538,33,28,12,54),(539,16,36,92,10),(540,17,31,72,73),(541,86,27,14,69),(543,26,42,8,47),(544,24,15,82,88),(545,78,36,79,91),(546,73,91,44,69),(547,36,36,78,33),(548,77,50,5,43),(549,87,18,12,42),(550,65,82,73,70),(551,34,80,17,37),(552,105,98,25,63),(553,44,4,53,96),(554,104,97,65,20),(555,43,43,52,99),(556,102,56,42,69),(557,84,53,10,29),(558,45,82,99,58),(559,72,15,95,57),(560,23,19,19,46),(561,32,72,42,16),(562,78,6,35,1),(563,58,86,100,40),(564,52,41,8,15),(565,104,17,43,28),(566,109,41,85,60),(567,66,80,16,68),(568,108,35,14,20),(569,16,55,35,74),(571,65,74,48,96),(572,24,56,10,8),(573,83,53,35,71),(574,103,20,31,49),(575,109,47,16,97),(576,91,29,16,87),(577,94,51,61,44),(578,29,35,52,74),(579,18,99,69,22),(580,65,79,29,27),(581,41,63,98,24),(582,93,28,72,82),(583,84,87,78,55),(584,26,94,42,99),(586,46,94,36,43),(587,103,4,64,47),(588,92,93,74,13),(589,65,71,36,38),(590,108,8,19,72),(592,100,68,9,33),(593,80,51,95,5),(595,44,12,83,16),(597,36,64,97,24),(598,81,15,96,65),(599,21,22,75,1),(600,100,83,33,59);
/*!40000 ALTER TABLE `likes` ENABLE KEYS */;
UNLOCK TABLES;

--
-- Table structure for table `media`
--

DROP TABLE IF EXISTS `media`;
/*!40101 SET @saved_cs_client     = @@character_set_client */;
/*!50503 SET character_set_client = utf8mb4 */;
CREATE TABLE `media` (
  `id` int unsigned NOT NULL AUTO_INCREMENT,
  `media_type_id` int unsigned NOT NULL,
  `user_id` int unsigned DEFAULT NULL,
  `url` varchar(145) CHARACTER SET utf8mb4 COLLATE utf8mb4_unicode_ci DEFAULT NULL COMMENT '/files/img/2020-01-01/img.png',
  `file` blob,
  `created_at` datetime NOT NULL DEFAULT CURRENT_TIMESTAMP,
  PRIMARY KEY (`id`),
  KEY `fk_media_media_type1_idx` (`media_type_id`),
  KEY `fk_media_user1_idx` (`user_id`),
  CONSTRAINT `fk_media_media_type1` FOREIGN KEY (`media_type_id`) REFERENCES `media_type` (`id`),
  CONSTRAINT `fk_media_user1` FOREIGN KEY (`user_id`) REFERENCES `user` (`id`)
) ENGINE=InnoDB AUTO_INCREMENT=101 DEFAULT CHARSET=utf8mb4 COLLATE=utf8mb4_unicode_ci;
/*!40101 SET character_set_client = @saved_cs_client */;

--
-- Dumping data for table `media`
--

LOCK TABLES `media` WRITE;
/*!40000 ALTER TABLE `media` DISABLE KEYS */;
INSERT INTO `media` VALUES (1,3,56,'audio/x-matroska',NULL,'2004-11-07 04:51:00'),(2,3,53,'text/vnd.dvb.subtitle',NULL,'1994-07-12 19:29:43'),(3,2,36,'application/vnd.sun.xml.draw.template',NULL,'1971-01-20 18:24:17'),(4,1,43,'application/vnd.uoml+xml',NULL,'1981-07-13 14:40:27'),(5,3,39,'application/vnd.webturbo',NULL,'1978-10-06 05:03:13'),(6,2,93,'application/vnd.oasis.opendocument.chart-template',NULL,'2007-06-15 05:44:22'),(7,3,87,'application/vnd.sun.xml.impress',NULL,'1995-12-07 23:42:40'),(8,1,92,'application/java-vm',NULL,'1995-08-01 13:02:56'),(9,1,46,'text/tab-separated-values',NULL,'2002-01-14 16:27:35'),(10,1,93,'application/x-install-instructions',NULL,'2011-01-14 23:33:24'),(11,1,56,'application/vnd.shana.informed.formdata',NULL,'1991-02-05 16:00:43'),(12,1,60,'application/vnd.kde.kontour',NULL,'1982-09-04 07:03:50'),(13,2,84,'application/x-hdf',NULL,'1980-02-21 08:10:45'),(14,3,84,'image/x-rgb',NULL,'2003-06-13 19:06:02'),(15,1,87,'application/vnd.ms-officetheme',NULL,'1985-05-10 23:30:49'),(16,2,104,'text/richtext',NULL,'1980-06-19 16:29:23'),(17,1,26,'application/vnd.openofficeorg.extension',NULL,'2020-02-06 10:08:19'),(18,2,81,'application/vnd.lotus-organizer',NULL,'2009-05-14 22:17:55'),(19,2,64,'application/vnd.seemail',NULL,'2019-11-07 02:17:10'),(20,1,29,'application/x-mie',NULL,'1973-04-19 23:43:18'),(21,3,71,'application/x-chat',NULL,'1974-05-11 01:21:01'),(22,1,67,'application/vnd.kde.kivio',NULL,'1979-03-07 16:56:30'),(23,2,41,'application/x-xpinstall',NULL,'1976-03-31 21:45:40'),(24,2,57,'application/vnd.oasis.opendocument.spreadsheet',NULL,'2013-03-11 17:58:15'),(25,2,64,'audio/adpcm',NULL,'1988-11-11 10:40:49'),(26,1,105,'application/vnd.oasis.opendocument.spreadsheet-template',NULL,'2021-02-06 11:21:16'),(27,3,58,'application/x-chess-pgn',NULL,'1988-02-25 13:13:57'),(28,2,75,'audio/x-ms-wax',NULL,'1989-06-22 11:22:30'),(29,1,39,'application/vnd.lotus-notes',NULL,'2015-04-26 18:05:53'),(30,2,35,'application/vnd.kde.kformula',NULL,'1991-05-06 14:44:30'),(31,1,88,'application/vnd.kidspiration',NULL,'2012-07-16 05:59:55'),(32,1,39,'application/x-msmediaview',NULL,'1995-05-22 15:23:21'),(33,3,63,'application/vnd.visionary',NULL,'2019-08-30 11:17:32'),(34,3,46,'application/vnd.ms-excel.sheet.binary.macroenabled.12',NULL,'1972-01-02 08:45:29'),(35,1,13,'text/vnd.fmi.flexstor',NULL,'2018-04-30 18:31:10'),(36,2,100,'text/vnd.curl.mcurl',NULL,'2002-06-03 09:59:45'),(37,2,65,'application/x-ms-wmd',NULL,'1970-06-29 21:18:06'),(38,2,110,'text/vnd.curl.scurl',NULL,'2014-09-07 19:20:32'),(39,3,95,'application/xaml+xml',NULL,'1993-11-23 11:47:01'),(40,2,62,'model/vrml',NULL,'1995-10-04 08:46:45'),(41,2,85,'model/vnd.collada+xml',NULL,'1975-05-05 23:15:35'),(42,2,47,'application/vnd.openxmlformats-officedocument.presentationml.presentation',NULL,'1983-05-01 00:15:12'),(43,1,101,'application/x-gtar',NULL,'2007-08-29 13:16:26'),(44,1,53,'text/vnd.wap.wml',NULL,'1973-09-01 23:50:53'),(45,1,50,'application/x-msmetafile',NULL,'1977-03-23 17:49:55'),(46,3,35,'application/mods+xml',NULL,'2002-02-20 04:38:49'),(47,1,95,'application/vnd.ms-htmlhelp',NULL,'1982-08-02 09:42:49'),(48,2,21,'application/vnd.dynageo',NULL,'1982-03-20 06:29:58'),(49,2,62,'audio/x-ms-wma',NULL,'1976-01-02 00:08:47'),(50,2,55,'image/vnd.dece.graphic',NULL,'1993-07-13 07:35:04'),(51,2,11,'application/vnd.ms-works',NULL,'1988-02-15 00:42:36'),(52,2,27,'application/xslt+xml',NULL,'1979-03-05 20:00:16'),(53,2,90,'text/x-setext',NULL,'1984-03-17 02:56:03'),(54,1,51,'image/cgm',NULL,'2015-12-25 00:19:04'),(55,2,72,'model/x3d+xml',NULL,'1983-11-01 03:56:14'),(56,3,13,'application/vnd.dece.zip',NULL,'1981-09-01 22:30:59'),(57,2,48,'application/vnd.ezpix-package',NULL,'1981-11-26 23:47:43'),(58,2,68,'application/vnd.lotus-organizer',NULL,'2017-09-28 04:39:42'),(59,1,51,'application/vnd.wt.stf',NULL,'1988-02-16 22:12:35'),(60,1,59,'model/x3d+xml',NULL,'1981-07-10 00:13:26'),(61,3,78,'application/x-msaccess',NULL,'1976-06-29 09:53:36'),(62,3,108,'text/vnd.in3d.3dml',NULL,'2019-06-16 21:52:02'),(63,2,36,'application/vnd.rn-realmedia-vbr',NULL,'1992-07-04 18:10:27'),(64,1,100,'video/x-matroska',NULL,'1988-07-29 22:35:18'),(65,3,66,'text/vnd.curl',NULL,'1988-07-19 10:07:21'),(66,2,41,'application/vnd.ms-wpl',NULL,'2016-08-20 22:06:59'),(67,2,78,'application/vnd.oasis.opendocument.formula',NULL,'1971-02-28 18:27:45'),(68,2,21,'application/vnd.wap.wmlc',NULL,'1986-06-10 20:18:46'),(69,2,74,'application/json',NULL,'1975-03-06 08:15:23'),(70,2,23,'application/vnd.kidspiration',NULL,'1982-09-23 09:44:36'),(71,1,53,'application/vnd.ezpix-package',NULL,'1978-01-10 11:17:09'),(72,1,71,'application/x-msmetafile',NULL,'1997-01-06 18:30:03'),(73,3,65,'video/vnd.uvvu.mp4',NULL,'1973-10-10 10:56:06'),(74,1,20,'image/vnd.ms-modi',NULL,'1970-11-26 05:55:32'),(75,3,29,'image/jpeg',NULL,'1989-07-10 09:11:09'),(76,2,86,'application/x-font-woff',NULL,'2012-08-06 07:43:55'),(77,3,41,'application/vnd.ms-lrm',NULL,'1991-10-13 03:45:08'),(78,3,50,'application/x-ustar',NULL,'1993-11-14 20:27:54'),(79,2,92,'audio/x-flac',NULL,'2017-11-01 19:01:06'),(80,1,43,'application/x-xliff+xml',NULL,'1997-05-03 18:20:19'),(81,2,74,'text/n3',NULL,'1977-07-18 07:32:05'),(82,2,103,'application/vnd.oasis.opendocument.text-template',NULL,'1990-09-04 19:05:28'),(83,1,22,'audio/xm',NULL,'1994-03-15 06:49:36'),(84,1,89,'application/vnd.ms-lrm',NULL,'2013-07-25 03:02:53'),(85,3,65,'application/vnd.semd',NULL,'1997-06-16 16:34:57'),(86,3,110,'text/vnd.fly',NULL,'1997-07-19 21:33:57'),(87,3,15,'application/javascript',NULL,'1984-12-10 04:40:03'),(88,2,88,'video/x-sgi-movie',NULL,'2017-12-12 15:11:37'),(89,2,89,'model/x3d+xml',NULL,'2019-09-15 03:15:13'),(90,3,64,'text/prs.lines.tag',NULL,'2019-09-06 18:57:13'),(91,3,54,'text/vnd.in3d.3dml',NULL,'1972-10-11 02:06:35'),(92,1,95,'image/jpeg',NULL,'2003-05-15 20:13:18'),(93,3,12,'application/x-glulx',NULL,'1997-09-02 19:48:51'),(94,1,40,'application/vnd.xfdl',NULL,'2011-11-14 05:45:36'),(95,3,63,'application/vnd.lotus-screencam',NULL,'2008-10-15 15:20:34'),(96,2,31,'video/vnd.dece.pd',NULL,'1993-12-09 21:45:10'),(97,1,36,'application/vnd.lotus-screencam',NULL,'2020-12-04 22:37:03'),(98,1,57,'application/wsdl+xml',NULL,'2013-07-16 12:46:24'),(99,2,26,'application/vnd.lotus-notes',NULL,'1975-09-27 16:29:06'),(100,1,22,'application/vnd.sun.xml.impress.template',NULL,'2002-09-05 14:37:25');
/*!40000 ALTER TABLE `media` ENABLE KEYS */;
UNLOCK TABLES;

--
-- Table structure for table `media_type`
--

DROP TABLE IF EXISTS `media_type`;
/*!40101 SET @saved_cs_client     = @@character_set_client */;
/*!50503 SET character_set_client = utf8mb4 */;
CREATE TABLE `media_type` (
  `id` int unsigned NOT NULL AUTO_INCREMENT,
  `name` varchar(45) CHARACTER SET utf8mb4 COLLATE utf8mb4_unicode_ci NOT NULL,
  PRIMARY KEY (`id`)
) ENGINE=InnoDB AUTO_INCREMENT=4 DEFAULT CHARSET=utf8mb4 COLLATE=utf8mb4_unicode_ci;
/*!40101 SET character_set_client = @saved_cs_client */;

--
-- Dumping data for table `media_type`
--

LOCK TABLES `media_type` WRITE;
/*!40000 ALTER TABLE `media_type` DISABLE KEYS */;
INSERT INTO `media_type` VALUES (1,'audio'),(2,'img'),(3,'video');
/*!40000 ALTER TABLE `media_type` ENABLE KEYS */;
UNLOCK TABLES;

--
-- Table structure for table `message`
--

DROP TABLE IF EXISTS `message`;
/*!40101 SET @saved_cs_client     = @@character_set_client */;
/*!50503 SET character_set_client = utf8mb4 */;
CREATE TABLE `message` (
  `id` int unsigned NOT NULL,
  `from_user_id` int unsigned NOT NULL,
  `to_user_id` int unsigned NOT NULL,
  `text` text CHARACTER SET utf8mb4 COLLATE utf8mb4_unicode_ci,
  `created_at` datetime NOT NULL DEFAULT CURRENT_TIMESTAMP,
  `read_at` datetime DEFAULT NULL,
  `updated_at` datetime DEFAULT NULL ON UPDATE CURRENT_TIMESTAMP,
  `deleted_at` datetime DEFAULT NULL,
  `media_id` int unsigned NOT NULL,
  PRIMARY KEY (`id`),
  KEY `fk_message_user1_idx` (`from_user_id`),
  KEY `fk_message_user2_idx` (`to_user_id`),
  KEY `fk_message_media1_idx` (`media_id`),
  CONSTRAINT `fk_message_media1` FOREIGN KEY (`media_id`) REFERENCES `media` (`id`),
  CONSTRAINT `fk_message_user1` FOREIGN KEY (`from_user_id`) REFERENCES `user` (`id`),
  CONSTRAINT `fk_message_user2` FOREIGN KEY (`to_user_id`) REFERENCES `user` (`id`)
) ENGINE=InnoDB DEFAULT CHARSET=utf8mb4 COLLATE=utf8mb4_unicode_ci;
/*!40101 SET character_set_client = @saved_cs_client */;

--
-- Dumping data for table `message`
--

LOCK TABLES `message` WRITE;
/*!40000 ALTER TABLE `message` DISABLE KEYS */;
INSERT INTO `message` VALUES (1,20,75,'Tempora dolorem eum repudiandae nam.','2009-01-02 09:46:03','1986-05-09 00:00:29','0000-00-00 00:00:00','1974-07-07 23:10:19',29),(2,48,56,'Nihil debitis distinctio neque harum ducimus sint commodi.','1996-11-29 23:05:25','0000-00-00 00:00:00','1980-03-17 05:41:23','0000-00-00 00:00:00',70),(3,57,73,'Necessitatibus quis dolorem voluptas blanditiis suscipit.','1993-04-09 20:13:30','1990-03-03 23:55:07','0000-00-00 00:00:00','1978-09-05 23:25:38',98),(4,71,77,'Delectus quod laborum dolore consequatur molestiae delectus eos.','2019-11-29 16:07:29','0000-00-00 00:00:00','0000-00-00 00:00:00','2012-07-12 05:02:07',91),(5,35,64,'Ut sint sint corrupti tempora culpa neque in.','1975-05-16 14:56:19','0000-00-00 00:00:00','1986-07-06 18:39:47','0000-00-00 00:00:00',54),(6,84,70,'Quod quidem asperiores fugiat qui.','1989-06-17 05:54:41','0000-00-00 00:00:00','0000-00-00 00:00:00','0000-00-00 00:00:00',56),(7,82,100,'Et expedita quia tenetur perspiciatis eum.','2018-01-28 08:16:07','2006-07-09 07:08:59','0000-00-00 00:00:00','0000-00-00 00:00:00',39),(8,46,80,'Eos non et est provident enim tempore dolorum est.','2014-08-04 18:49:45','2003-10-10 21:10:37','2018-03-21 12:07:38','1972-07-12 02:50:17',83),(9,41,105,'Aut recusandae facilis tenetur.','1995-03-30 04:22:12','1996-10-03 15:53:56','1992-06-01 21:02:47','0000-00-00 00:00:00',45),(10,30,76,'Vitae vitae ut fuga non qui quos.','1983-09-03 12:48:48','0000-00-00 00:00:00','1999-02-08 19:00:59','0000-00-00 00:00:00',64),(11,53,77,'Maxime est eveniet non sint.','2003-11-12 12:44:16','2014-06-05 21:43:59','0000-00-00 00:00:00','2004-12-22 12:19:00',34),(12,86,43,'Debitis quia minus non voluptatum odio et.','2019-10-29 09:00:07','2005-08-25 18:22:42','1979-09-09 13:49:15','1983-04-02 02:57:32',23),(13,92,46,'Doloremque qui quos sit assumenda.','2000-01-03 12:40:45','2002-04-23 17:47:41','2008-02-10 21:58:54','1970-05-24 19:57:50',64),(14,72,61,'Aut qui et sint omnis doloremque.','1991-08-29 10:43:29','1974-05-10 13:51:46','1973-05-25 16:52:35','2017-11-09 09:04:17',26),(15,39,69,'Ut est ipsa perspiciatis alias sint id optio.','2008-07-15 19:22:07','1996-08-09 12:32:50','1983-08-24 13:02:58','1982-02-15 19:03:07',50),(16,92,78,'At exercitationem qui aliquid doloremque.','1987-09-18 04:34:46','0000-00-00 00:00:00','0000-00-00 00:00:00','0000-00-00 00:00:00',29),(17,64,35,'Et reprehenderit sint consequatur quasi.','1988-05-11 00:26:54','2002-10-22 08:54:43','2009-06-07 08:32:17','0000-00-00 00:00:00',90),(18,104,46,'Ea et error id amet.','1977-08-25 07:08:56','0000-00-00 00:00:00','0000-00-00 00:00:00','0000-00-00 00:00:00',54),(19,34,77,'Et veniam esse et repellendus qui.','2016-09-11 12:35:23','0000-00-00 00:00:00','0000-00-00 00:00:00','0000-00-00 00:00:00',88),(20,92,20,'Amet est dignissimos soluta numquam earum et atque.','2009-08-21 18:00:43','0000-00-00 00:00:00','1971-02-16 01:14:49','0000-00-00 00:00:00',91),(21,57,62,'Temporibus impedit expedita dolorem consequatur fugiat dolore.','1995-03-06 13:45:03','0000-00-00 00:00:00','0000-00-00 00:00:00','0000-00-00 00:00:00',86),(22,31,93,'Voluptatem et dignissimos hic sit.','2002-08-22 11:43:53','0000-00-00 00:00:00','1972-10-11 01:02:07','1970-12-31 13:57:24',45),(23,16,86,'Recusandae exercitationem repudiandae voluptatem iure est.','2004-04-23 03:50:26','0000-00-00 00:00:00','0000-00-00 00:00:00','0000-00-00 00:00:00',51),(24,55,64,'Voluptas eveniet aliquam totam.','1987-02-05 14:21:16','0000-00-00 00:00:00','1999-09-09 01:41:00','0000-00-00 00:00:00',34),(25,36,78,'Eos et porro provident recusandae cumque sit.','2001-08-30 23:42:09','0000-00-00 00:00:00','1983-07-07 06:59:09','0000-00-00 00:00:00',1),(26,107,103,'Consequatur sunt quidem nobis culpa sunt facilis officia.','1972-08-26 10:11:57','2014-02-23 02:30:56','1986-05-30 22:57:13','0000-00-00 00:00:00',45),(27,67,24,'Repellat reprehenderit deserunt placeat voluptatem quasi doloremque sit.','1982-04-28 20:24:30','2007-07-20 15:43:04','1987-10-23 23:50:11','0000-00-00 00:00:00',85),(28,67,102,'Vel vel ut dicta ratione unde magnam quisquam.','1987-07-29 10:21:30','1977-01-05 12:43:45','2006-09-04 09:06:03','2004-09-28 00:40:39',90),(29,110,79,'Distinctio nostrum dolores provident.','2017-07-26 05:12:36','1998-10-23 06:59:45','0000-00-00 00:00:00','1981-08-11 20:28:12',91),(30,106,96,'In error vel dolores qui ratione ipsam delectus.','2009-08-23 14:38:59','2005-07-06 09:54:02','1988-07-10 07:14:32','0000-00-00 00:00:00',47),(31,28,93,'Sint dolores enim tempore consequuntur.','2000-08-07 04:25:02','0000-00-00 00:00:00','0000-00-00 00:00:00','1972-08-17 09:28:17',40),(32,42,92,'Sapiente corrupti nulla dolorum sit eveniet.','2000-07-31 08:32:30','0000-00-00 00:00:00','0000-00-00 00:00:00','2014-07-05 22:34:04',13),(33,46,31,'Harum eos aperiam assumenda cumque cupiditate dolore.','1984-10-04 23:56:22','0000-00-00 00:00:00','0000-00-00 00:00:00','0000-00-00 00:00:00',2),(34,31,100,'Velit molestiae hic ea eaque.','1991-05-16 11:13:28','0000-00-00 00:00:00','0000-00-00 00:00:00','0000-00-00 00:00:00',82),(35,85,17,'Quidem suscipit autem ut cum qui nisi.','1987-06-24 12:45:00','0000-00-00 00:00:00','1997-04-26 06:24:29','0000-00-00 00:00:00',41),(36,101,83,'Suscipit aliquam quis impedit cupiditate alias nihil quo.','2004-01-10 09:42:46','1973-12-25 05:28:04','2019-07-07 06:21:16','1995-07-17 04:46:35',7),(37,67,77,'Aperiam error possimus voluptas nulla dolorem assumenda.','1989-05-07 19:55:47','0000-00-00 00:00:00','0000-00-00 00:00:00','0000-00-00 00:00:00',49),(38,36,40,'Esse blanditiis dicta praesentium.','1989-06-11 02:23:07','2014-02-25 11:22:23','1996-01-27 03:26:07','0000-00-00 00:00:00',38),(39,95,88,'Qui eos vel beatae.','1999-08-16 20:09:28','0000-00-00 00:00:00','1980-11-10 02:47:20','0000-00-00 00:00:00',21),(40,34,37,'Sed in dolorem qui excepturi.','1972-12-17 03:28:20','0000-00-00 00:00:00','1985-02-09 18:52:45','0000-00-00 00:00:00',31),(41,41,100,'Est id quibusdam et est.','1975-03-20 07:56:48','0000-00-00 00:00:00','0000-00-00 00:00:00','1981-07-22 09:49:11',27),(42,37,11,'Eveniet minima aut possimus quia.','2013-08-24 16:09:13','0000-00-00 00:00:00','0000-00-00 00:00:00','2003-05-23 08:53:21',92),(43,73,40,'Voluptatum quia vel incidunt tenetur nihil.','1995-05-22 18:40:51','2001-10-18 12:22:12','2013-10-14 15:48:23','1990-10-19 23:12:33',80),(44,75,31,'Fugit et vero non vel unde voluptates quia voluptatum.','1990-08-11 20:22:15','2004-06-11 14:36:43','1999-03-14 09:37:18','1997-10-24 20:43:22',86),(45,27,17,'Maxime ut cum placeat consequatur maxime suscipit ipsum ut.','1990-01-02 01:21:27','0000-00-00 00:00:00','0000-00-00 00:00:00','1995-07-15 08:28:09',67),(46,12,74,'Ad rerum voluptatem corrupti veniam quo ea.','2019-11-30 17:37:24','1976-08-21 18:21:01','0000-00-00 00:00:00','0000-00-00 00:00:00',63),(47,82,57,'Et tempora nihil quos corrupti enim.','2002-02-15 20:42:44','0000-00-00 00:00:00','1976-10-30 14:51:59','0000-00-00 00:00:00',94),(48,15,109,'Id at tempora aspernatur aut.','1999-06-10 08:06:09','0000-00-00 00:00:00','2014-09-13 01:59:24','2014-02-25 06:45:53',7),(49,34,38,'Ea atque aspernatur reprehenderit.','2004-06-14 00:31:55','0000-00-00 00:00:00','1986-06-15 08:46:44','1975-05-29 16:30:35',98),(50,90,28,'Alias quam aut expedita eveniet.','1981-07-21 12:50:56','2004-06-12 03:49:06','0000-00-00 00:00:00','1999-03-07 07:45:08',2),(51,54,42,'Dignissimos autem expedita nostrum aspernatur qui.','2014-09-21 17:12:05','0000-00-00 00:00:00','2003-09-22 08:05:07','0000-00-00 00:00:00',60),(52,48,47,'Vero voluptas quaerat quo quae vel rerum minima id.','1993-05-26 16:00:03','1985-12-13 06:11:44','0000-00-00 00:00:00','2005-03-29 10:46:33',47),(53,12,100,'Sequi quidem omnis in sit quia.','1984-03-23 17:48:02','0000-00-00 00:00:00','2000-06-15 17:31:42','0000-00-00 00:00:00',40),(54,11,90,'Aliquam recusandae et expedita voluptas ea.','1980-11-30 23:42:20','0000-00-00 00:00:00','0000-00-00 00:00:00','1986-10-02 08:50:57',71),(55,17,75,'Aspernatur nulla atque dolores et.','1998-07-29 14:10:18','1995-04-20 13:43:32','1999-03-02 17:20:54','0000-00-00 00:00:00',73),(56,102,42,'Et magnam assumenda aut sit veritatis praesentium.','1992-07-28 03:09:18','0000-00-00 00:00:00','1993-04-07 19:04:50','0000-00-00 00:00:00',71),(57,83,109,'Molestias velit expedita voluptatem corporis quo amet.','2009-09-09 08:35:19','0000-00-00 00:00:00','0000-00-00 00:00:00','1980-06-01 10:21:18',27),(58,20,37,'Ut nostrum eum vero omnis.','1985-09-05 16:29:29','0000-00-00 00:00:00','0000-00-00 00:00:00','0000-00-00 00:00:00',61),(59,18,80,'Perspiciatis laborum ut provident sequi architecto suscipit quia et.','2010-11-30 11:55:42','1989-04-19 14:54:58','1989-09-19 15:34:22','0000-00-00 00:00:00',73),(60,81,36,'Et iste et est quod.','1980-04-23 08:59:06','0000-00-00 00:00:00','0000-00-00 00:00:00','0000-00-00 00:00:00',96),(61,103,16,'Consequuntur qui est animi eligendi.','1974-06-05 13:35:10','2001-07-18 11:27:03','1980-05-10 10:40:01','1978-03-10 21:32:24',30),(62,48,78,'Est doloribus iste similique cupiditate.','2011-11-11 00:50:43','0000-00-00 00:00:00','0000-00-00 00:00:00','1978-07-20 08:00:48',46),(63,11,57,'Et id dicta ducimus.','2004-05-11 00:53:47','2009-07-06 23:30:53','0000-00-00 00:00:00','0000-00-00 00:00:00',99),(64,67,36,'Alias molestiae animi quo provident.','1981-02-25 19:20:30','2012-05-05 23:57:26','1998-02-15 09:21:10','0000-00-00 00:00:00',32),(65,44,73,'Itaque minima necessitatibus accusantium officiis dolorem ab voluptatem.','1987-04-29 10:46:24','0000-00-00 00:00:00','0000-00-00 00:00:00','1996-06-14 18:58:15',71),(66,39,35,'Necessitatibus saepe et dolorem quia nam voluptatibus ratione.','2006-01-05 23:21:39','2020-10-12 08:17:09','0000-00-00 00:00:00','2005-01-30 11:04:37',22),(67,17,109,'Culpa laudantium ipsam voluptatem id.','1990-06-07 09:46:59','0000-00-00 00:00:00','0000-00-00 00:00:00','2011-11-30 11:51:55',37),(68,39,84,'Totam quae et iure maiores praesentium.','2008-06-08 14:07:21','2000-02-24 06:35:34','0000-00-00 00:00:00','1990-09-27 14:30:17',33),(69,77,54,'Et perspiciatis ut nesciunt eius quidem quidem perspiciatis iste.','1988-09-14 22:42:35','2020-07-30 11:12:29','0000-00-00 00:00:00','1970-12-07 20:00:58',78),(70,64,76,'A et quidem sunt illum omnis voluptatem recusandae.','2006-06-03 17:19:30','0000-00-00 00:00:00','1974-07-02 08:59:44','2017-07-13 01:22:49',65),(71,29,76,'Aspernatur error in nulla tenetur.','2020-08-12 09:11:14','1996-04-16 01:33:38','0000-00-00 00:00:00','2016-03-18 15:21:44',8),(72,53,67,'Sit quia iure consequatur ullam quo.','1974-01-09 10:08:42','0000-00-00 00:00:00','0000-00-00 00:00:00','0000-00-00 00:00:00',82),(73,103,40,'Recusandae id laudantium soluta enim beatae.','2004-10-05 14:34:58','0000-00-00 00:00:00','1977-10-23 23:59:25','0000-00-00 00:00:00',83),(74,45,81,'Quam fuga voluptatem rerum optio nihil est esse.','1972-04-01 06:13:37','2006-07-09 17:06:42','1978-02-26 11:42:43','2018-10-25 01:15:09',37),(75,44,11,'Quis quo in ut.','2013-11-27 10:30:28','0000-00-00 00:00:00','1996-03-19 17:47:33','0000-00-00 00:00:00',4),(76,68,95,'Nihil dignissimos aut accusamus sint voluptatem totam officia.','2013-09-26 23:25:24','0000-00-00 00:00:00','1996-12-19 20:41:31','0000-00-00 00:00:00',36),(77,78,26,'Eaque autem rerum molestias odit consequatur.','1983-08-29 01:29:13','2011-12-01 16:02:00','1982-08-01 06:33:50','2017-01-14 16:30:05',27),(78,107,52,'Pariatur tenetur possimus repellendus.','2011-08-04 21:43:47','1988-11-11 18:58:50','2019-04-12 08:35:04','0000-00-00 00:00:00',100),(79,11,93,'Excepturi atque in temporibus quia necessitatibus eos.','1995-02-25 01:06:09','0000-00-00 00:00:00','0000-00-00 00:00:00','1976-06-23 20:12:06',68),(80,80,35,'Ut assumenda necessitatibus exercitationem ea in eos earum.','2007-01-26 10:51:30','0000-00-00 00:00:00','2009-12-21 00:32:48','0000-00-00 00:00:00',89),(81,38,69,'Temporibus ipsum quia perferendis enim.','1975-11-29 02:23:09','0000-00-00 00:00:00','1971-06-14 19:02:18','0000-00-00 00:00:00',92),(82,45,101,'Eum facilis neque ducimus labore sit sapiente.','2015-01-25 02:19:01','1977-09-12 14:12:38','0000-00-00 00:00:00','0000-00-00 00:00:00',25),(83,75,44,'Facilis est vitae quaerat vitae.','1991-11-01 08:42:03','0000-00-00 00:00:00','1978-02-10 01:32:14','0000-00-00 00:00:00',44),(84,105,45,'Est illo odit omnis et ut sed dolore.','2017-01-30 10:11:40','1984-11-02 14:56:27','0000-00-00 00:00:00','1977-10-19 04:48:05',91),(85,103,55,'Voluptatem voluptatem et rerum id totam quaerat quia.','1981-05-29 11:47:46','0000-00-00 00:00:00','1987-10-25 13:39:01','0000-00-00 00:00:00',3),(86,73,34,'Fugiat in aut fugit aspernatur.','1998-12-20 20:45:02','0000-00-00 00:00:00','1982-12-20 10:39:41','1975-04-11 05:07:10',75),(87,69,34,'Quasi quia est ipsam porro.','1994-09-22 08:54:21','0000-00-00 00:00:00','0000-00-00 00:00:00','0000-00-00 00:00:00',37),(88,27,75,'Quia aut nobis et ducimus doloremque ut nam.','2019-12-24 16:57:44','1985-03-16 07:12:43','0000-00-00 00:00:00','2006-01-04 02:59:26',30),(89,11,20,'Quia iusto rem explicabo libero velit.','1992-05-20 03:13:29','0000-00-00 00:00:00','1976-06-26 06:18:45','0000-00-00 00:00:00',15),(90,58,31,'Eum quos eum fugiat qui laboriosam tempore voluptatibus.','2019-04-04 07:56:05','0000-00-00 00:00:00','0000-00-00 00:00:00','2018-08-17 04:04:18',37),(91,71,71,'Doloremque vel assumenda porro earum omnis provident.','1995-03-25 03:34:59','1987-05-14 11:33:28','1984-11-06 11:11:25','0000-00-00 00:00:00',32),(92,18,37,'Nihil maxime sint assumenda.','1986-06-13 07:19:37','1992-07-17 06:48:00','0000-00-00 00:00:00','0000-00-00 00:00:00',72),(93,107,40,'Pariatur excepturi nulla quo earum corporis aut earum.','1980-07-24 22:48:30','0000-00-00 00:00:00','1980-09-22 16:54:01','0000-00-00 00:00:00',16),(94,54,39,'Illum minus reiciendis eos incidunt voluptatem debitis illum.','1971-12-03 21:39:01','0000-00-00 00:00:00','1982-10-10 18:12:59','0000-00-00 00:00:00',73),(95,108,35,'Fugit qui quia quo ut et praesentium qui.','1976-05-31 03:46:25','0000-00-00 00:00:00','0000-00-00 00:00:00','1998-10-30 20:33:44',55),(96,95,104,'Illum fuga mollitia ab porro dolor.','1990-08-25 23:48:41','0000-00-00 00:00:00','1993-09-19 07:58:37','0000-00-00 00:00:00',26),(97,108,11,'Qui laudantium et placeat quia.','1973-05-16 16:34:58','1998-07-17 17:16:11','1972-05-09 07:18:52','1979-04-01 16:50:28',45),(98,34,65,'Aperiam dolorem esse rerum non.','2010-05-02 22:10:00','0000-00-00 00:00:00','1970-08-30 21:45:37','0000-00-00 00:00:00',3),(99,12,32,'In officiis maxime asperiores consequuntur quas eum.','2012-07-02 10:41:06','1976-01-07 17:20:38','0000-00-00 00:00:00','0000-00-00 00:00:00',31),(100,28,70,'Ipsum quos distinctio et facilis voluptate.','1994-05-30 23:02:59','1997-06-06 06:09:48','0000-00-00 00:00:00','0000-00-00 00:00:00',38);
/*!40000 ALTER TABLE `message` ENABLE KEYS */;
UNLOCK TABLES;

--
-- Table structure for table `post`
--

DROP TABLE IF EXISTS `post`;
/*!40101 SET @saved_cs_client     = @@character_set_client */;
/*!50503 SET character_set_client = utf8mb4 */;
CREATE TABLE `post` (
  `id` int unsigned NOT NULL AUTO_INCREMENT,
  `community_id` int unsigned DEFAULT NULL,
  `user_id` int unsigned NOT NULL,
  `text` varchar(145) CHARACTER SET utf8mb4 COLLATE utf8mb4_unicode_ci DEFAULT NULL,
  `media_id` int unsigned DEFAULT NULL,
  `post_id` int unsigned DEFAULT NULL,
  `created_at` datetime NOT NULL DEFAULT CURRENT_TIMESTAMP,
  `updated_at` datetime DEFAULT NULL ON UPDATE CURRENT_TIMESTAMP,
  `deleted_at` datetime DEFAULT NULL,
  PRIMARY KEY (`id`),
  KEY `fk_post_community1_idx` (`community_id`),
  KEY `fk_post_user1_idx` (`user_id`),
  KEY `fk_post_media1_idx` (`media_id`),
  KEY `fk_post_post1_idx` (`post_id`),
  CONSTRAINT `fk_post_community1` FOREIGN KEY (`community_id`) REFERENCES `community` (`id`),
  CONSTRAINT `fk_post_media1` FOREIGN KEY (`media_id`) REFERENCES `media` (`id`),
  CONSTRAINT `fk_post_post1` FOREIGN KEY (`post_id`) REFERENCES `post` (`id`),
  CONSTRAINT `fk_post_user1` FOREIGN KEY (`user_id`) REFERENCES `user` (`id`)
) ENGINE=InnoDB AUTO_INCREMENT=101 DEFAULT CHARSET=utf8mb4 COLLATE=utf8mb4_unicode_ci;
/*!40101 SET character_set_client = @saved_cs_client */;

--
-- Dumping data for table `post`
--

LOCK TABLES `post` WRITE;
/*!40000 ALTER TABLE `post` DISABLE KEYS */;
INSERT INTO `post` VALUES (1,4,102,'Vero possimus facilis at voluptatum in eos.',71,NULL,'2005-08-21 15:20:45','1988-12-22 08:01:37','0000-00-00 00:00:00'),(2,4,65,'Quia hic voluptatem possimus quisquam.',38,NULL,'2016-04-06 11:09:38','0000-00-00 00:00:00','1996-02-06 23:30:29'),(3,10,92,'Quasi consequuntur et iure laudantium et et quo.',70,NULL,'1990-01-13 20:26:40','0000-00-00 00:00:00','0000-00-00 00:00:00'),(4,18,81,'Deserunt in dolor quidem et quaerat est veritatis.',38,NULL,'2011-09-28 15:45:14','1995-03-21 01:31:23','1986-07-04 08:40:45'),(5,20,90,'Optio incidunt sunt repellat tempore quas iusto excepturi.',17,NULL,'1976-04-15 00:47:38','2012-12-14 14:40:37','1979-01-21 12:32:00'),(6,17,94,'Maiores aut et minus enim neque.',87,NULL,'2000-03-23 09:04:40','2012-11-28 04:58:23','0000-00-00 00:00:00'),(7,20,63,'Harum eligendi rerum eius beatae.',46,NULL,'1991-06-25 22:41:55','0000-00-00 00:00:00','1983-10-05 02:00:40'),(8,17,30,'Accusantium earum vel vero ut rerum ratione ad accusantium.',75,NULL,'2002-07-05 15:40:25','0000-00-00 00:00:00','1989-01-21 21:36:51'),(9,12,90,'Dolor ea nihil odio quia totam.',82,NULL,'1988-06-30 11:42:38','1971-11-18 05:35:53','0000-00-00 00:00:00'),(10,4,89,'Et sint officia et et quo ut in.',55,NULL,'1987-09-29 02:36:12','0000-00-00 00:00:00','1980-02-29 20:48:22'),(11,13,108,'Placeat ut esse dolorem.',47,NULL,'1991-04-15 08:24:19','1994-09-02 05:26:39','2010-01-30 08:57:30'),(12,7,25,'Placeat deleniti esse ut ut eligendi et itaque.',1,NULL,'1978-10-12 22:11:58','0000-00-00 00:00:00','1994-09-26 02:49:58'),(13,15,73,'Rerum sequi dolor aut amet rerum repudiandae expedita.',82,NULL,'2012-03-09 20:47:04','1976-03-03 02:25:45','1974-12-30 18:07:27'),(14,9,59,'Necessitatibus quia mollitia non veritatis velit.',52,NULL,'1973-09-01 13:20:29','0000-00-00 00:00:00','0000-00-00 00:00:00'),(15,16,57,'Consequatur et in et tempore exercitationem ut natus.',32,NULL,'1973-12-10 15:58:33','2008-10-12 14:29:56','1997-03-16 16:12:33'),(16,20,41,'Quo quo blanditiis distinctio cum ducimus quis et aliquid.',15,NULL,'1990-07-11 20:57:46','0000-00-00 00:00:00','0000-00-00 00:00:00'),(17,17,37,'Blanditiis perferendis libero numquam exercitationem ullam alias sequi.',67,NULL,'2003-07-21 00:45:27','2007-09-29 12:28:51','2005-06-07 17:26:23'),(18,6,18,'Hic non et suscipit culpa perspiciatis ut.',87,NULL,'1991-09-05 17:35:00','1979-12-10 05:45:37','2005-03-29 20:45:46'),(19,1,74,'Eum deserunt omnis impedit aliquam esse.',67,NULL,'2014-05-11 05:19:32','0000-00-00 00:00:00','1995-04-03 16:27:44'),(20,17,90,'Iure eaque minima rerum et.',45,NULL,'2005-10-12 17:04:45','0000-00-00 00:00:00','0000-00-00 00:00:00'),(21,8,53,'Inventore magnam consequatur qui possimus veritatis autem.',42,NULL,'1980-11-01 07:55:49','2003-06-15 22:15:45','2001-04-04 14:37:54'),(22,17,87,'Sunt ad culpa et expedita adipisci.',56,NULL,'2001-12-18 14:36:02','1994-04-04 00:30:50','0000-00-00 00:00:00'),(23,17,59,'Corporis impedit iste a atque officia qui.',19,NULL,'1992-01-19 02:45:49','1986-02-10 06:24:00','1984-06-18 17:20:53'),(24,13,100,'Exercitationem laudantium non beatae commodi.',68,NULL,'2019-03-09 16:18:57','1982-06-24 20:28:04','2019-01-25 05:05:33'),(25,4,78,'Cumque suscipit nisi velit quam quia velit.',14,NULL,'1970-07-22 05:22:30','1996-09-20 02:07:35','0000-00-00 00:00:00'),(26,10,73,'Consequuntur qui enim similique commodi omnis.',45,NULL,'1970-05-16 23:39:40','0000-00-00 00:00:00','0000-00-00 00:00:00'),(27,13,54,'Velit quidem voluptatem molestias vero qui corporis quia.',71,NULL,'1986-10-13 09:04:05','1978-10-05 15:43:44','0000-00-00 00:00:00'),(28,6,81,'Aut suscipit velit vel laudantium.',79,NULL,'2020-01-10 21:58:55','1974-02-07 17:20:06','0000-00-00 00:00:00'),(29,4,83,'Et adipisci voluptate assumenda sequi temporibus quam eaque.',42,NULL,'1996-10-24 22:54:43','0000-00-00 00:00:00','0000-00-00 00:00:00'),(30,17,65,'Corrupti aut repellendus non dolorum magni aut qui.',21,NULL,'2010-03-12 08:35:20','2003-08-10 16:29:35','0000-00-00 00:00:00'),(31,6,102,'Aspernatur consectetur voluptatibus qui sit saepe ut sit.',64,NULL,'1975-09-16 09:18:57','2016-02-21 16:21:17','0000-00-00 00:00:00'),(32,14,85,'Natus nemo alias fuga aliquam aut voluptatem ut.',41,NULL,'2001-08-22 22:35:41','1999-02-06 00:59:57','1999-04-17 21:02:47'),(33,5,69,'Itaque omnis fugiat rem.',90,NULL,'2016-10-17 23:14:16','2019-10-08 10:03:10','0000-00-00 00:00:00'),(34,9,33,'Natus nobis est optio temporibus.',79,NULL,'2012-11-16 00:29:47','1988-07-11 10:54:10','2020-01-10 01:36:08'),(35,2,50,'Ipsum aut magnam in quod magnam quidem.',47,NULL,'2011-03-03 23:16:09','2011-06-12 02:52:36','1980-06-24 07:54:26'),(36,5,97,'Sunt beatae quo reiciendis et laboriosam explicabo.',9,NULL,'1973-12-01 05:40:30','2021-02-14 08:25:05','0000-00-00 00:00:00'),(37,14,59,'Autem officia in dignissimos nesciunt ad explicabo magnam ullam.',53,NULL,'2011-10-07 22:42:36','2005-12-14 04:03:32','1975-06-23 10:48:00'),(38,8,88,'Quam ullam nihil cumque.',24,NULL,'1978-11-10 14:14:42','2015-10-05 13:15:25','2015-03-29 05:23:00'),(39,3,103,'Voluptate quisquam qui qui consequuntur voluptatum.',96,NULL,'1971-10-24 04:10:57','0000-00-00 00:00:00','1973-04-13 13:36:45'),(40,12,84,'Minus quidem natus harum.',50,NULL,'1972-02-06 12:34:52','0000-00-00 00:00:00','0000-00-00 00:00:00'),(41,16,110,'Vero fugiat et dolor natus perspiciatis suscipit.',42,NULL,'2018-11-12 16:02:19','1993-04-11 17:57:26','1977-08-25 04:47:30'),(42,9,76,'Est voluptatem ut fugiat animi.',16,NULL,'1985-11-14 05:07:24','2000-02-22 18:54:34','0000-00-00 00:00:00'),(43,17,99,'Consectetur sit quo sit quos velit et nobis autem.',75,NULL,'1988-05-31 11:55:43','0000-00-00 00:00:00','2016-09-07 01:30:23'),(44,14,39,'Cupiditate fugiat cupiditate nesciunt voluptatem impedit.',98,NULL,'2019-11-25 13:31:45','1985-12-01 08:47:08','1971-03-05 09:49:21'),(45,10,47,'Eligendi culpa ea aut ut deleniti temporibus.',37,NULL,'1979-03-30 22:43:35','0000-00-00 00:00:00','0000-00-00 00:00:00'),(46,19,68,'Fugiat a ea quae provident explicabo.',23,NULL,'2010-11-27 23:43:51','0000-00-00 00:00:00','2017-04-17 02:51:21'),(47,1,33,'Dolores molestiae voluptas perspiciatis sequi distinctio fugiat.',72,NULL,'2008-09-26 02:20:48','2019-11-05 01:35:40','1981-09-21 19:13:39'),(48,12,69,'Rerum fuga mollitia eos officiis optio nihil assumenda.',50,NULL,'1981-10-06 15:07:50','0000-00-00 00:00:00','0000-00-00 00:00:00'),(49,16,83,'Qui cupiditate et alias sapiente non.',42,NULL,'2006-08-29 01:52:51','2012-04-23 10:14:05','0000-00-00 00:00:00'),(50,15,39,'Quisquam molestiae sunt quo distinctio commodi sed.',16,NULL,'1970-11-29 19:07:36','1992-05-16 06:40:03','1975-09-19 18:09:23'),(51,5,15,'Maiores dicta autem odit veniam quia iure praesentium.',16,NULL,'1983-08-28 03:07:52','2007-04-17 01:14:43','1974-07-10 01:57:47'),(52,13,56,'Nihil eligendi velit qui quis et.',81,NULL,'1996-09-02 15:01:55','1982-02-01 12:17:40','2016-04-06 03:36:25'),(53,17,36,'Aut illo sint architecto ut eius mollitia.',69,NULL,'1983-06-20 10:22:05','1978-01-15 07:28:29','0000-00-00 00:00:00'),(54,11,106,'Itaque et non cumque.',98,NULL,'2005-10-04 16:06:07','0000-00-00 00:00:00','0000-00-00 00:00:00'),(55,11,54,'Voluptatum est dolores eum aut sint eos quod provident.',34,NULL,'2009-07-28 20:44:11','0000-00-00 00:00:00','0000-00-00 00:00:00'),(56,18,48,'Quia minima dolorum qui nihil veniam voluptate vero accusamus.',92,NULL,'1996-12-31 17:28:20','0000-00-00 00:00:00','1987-02-14 16:15:48'),(57,3,51,'Officia corporis fuga ut.',15,NULL,'1997-02-26 21:34:48','1997-06-19 22:29:53','1986-02-15 11:26:04'),(58,17,107,'Impedit cumque voluptatem eligendi id voluptas minima quas et.',74,NULL,'2014-12-19 04:01:44','1974-08-04 17:32:13','0000-00-00 00:00:00'),(59,7,85,'Quae inventore possimus aut aut et.',46,NULL,'1977-02-06 23:06:09','0000-00-00 00:00:00','0000-00-00 00:00:00'),(60,15,59,'Harum aliquam voluptatem ipsa enim voluptatem.',75,NULL,'2011-12-06 14:19:31','2009-02-03 20:03:43','2009-10-09 16:44:15'),(61,18,82,'Eligendi facilis qui tempora deserunt et veniam eligendi.',80,NULL,'2005-12-26 14:04:13','2002-04-03 15:33:09','0000-00-00 00:00:00'),(62,1,46,'Aut magni perspiciatis possimus rerum quasi officia ab et.',25,NULL,'2001-03-11 15:54:35','2007-08-16 00:20:26','0000-00-00 00:00:00'),(63,17,26,'Dolore ratione quae aut enim dolore totam qui facere.',50,NULL,'2013-05-27 21:04:27','0000-00-00 00:00:00','0000-00-00 00:00:00'),(64,11,81,'Voluptatum incidunt quis accusamus unde sed et.',46,NULL,'2015-04-15 05:05:45','1998-01-14 19:37:47','0000-00-00 00:00:00'),(65,11,32,'Consequatur voluptatem omnis beatae eaque praesentium quis.',89,NULL,'1971-02-18 08:21:57','0000-00-00 00:00:00','0000-00-00 00:00:00'),(66,17,20,'Quos enim tempore consequatur totam quod.',27,NULL,'2007-11-22 03:36:19','1980-10-09 19:56:18','2008-05-30 18:00:41'),(67,16,30,'Minima ad et est quos facilis autem.',68,NULL,'2004-07-24 20:51:18','0000-00-00 00:00:00','2007-07-21 20:39:39'),(68,19,12,'At totam rerum ex delectus adipisci id.',64,NULL,'2001-08-01 05:28:06','1970-09-02 14:23:18','0000-00-00 00:00:00'),(69,13,43,'Odio quasi quia labore.',39,NULL,'2009-07-03 12:10:48','1978-12-29 17:57:59','0000-00-00 00:00:00'),(70,2,16,'Dolorem similique veniam modi expedita accusantium.',87,NULL,'1982-11-10 16:04:30','0000-00-00 00:00:00','1977-08-23 05:37:54'),(71,17,105,'Perferendis a in magni aliquid velit.',58,NULL,'1992-04-26 07:00:17','0000-00-00 00:00:00','2017-11-24 12:42:36'),(72,13,108,'Quia fugiat qui omnis quo id earum corporis.',94,NULL,'1984-12-03 11:09:15','1977-09-04 14:16:05','1974-05-09 07:48:52'),(73,18,93,'Consectetur delectus eaque officia.',10,NULL,'1973-02-06 16:08:39','0000-00-00 00:00:00','2000-01-23 07:14:21'),(74,8,46,'Et et itaque doloribus excepturi.',80,NULL,'2003-09-29 07:32:45','1991-03-01 12:59:53','1996-05-14 20:58:28'),(75,17,97,'Eligendi voluptatum nulla sint quibusdam.',1,NULL,'2006-03-11 21:26:06','0000-00-00 00:00:00','1983-07-28 08:44:23'),(76,15,82,'Voluptatem laborum repellendus sequi autem qui modi ratione.',11,NULL,'2017-09-03 14:07:50','0000-00-00 00:00:00','0000-00-00 00:00:00'),(77,20,58,'Sit et incidunt distinctio consequatur.',30,NULL,'1975-07-01 09:10:42','0000-00-00 00:00:00','0000-00-00 00:00:00'),(78,13,49,'Dolores non possimus consequatur et consequatur libero.',32,NULL,'1990-03-19 06:45:00','0000-00-00 00:00:00','1980-05-18 12:23:40'),(79,6,13,'Qui rerum et eveniet dicta incidunt adipisci.',65,NULL,'2002-09-05 14:13:51','1994-03-23 05:32:43','0000-00-00 00:00:00'),(80,14,23,'Ut qui dignissimos qui quod velit alias.',70,NULL,'1999-08-04 01:41:15','2004-11-05 21:02:35','0000-00-00 00:00:00'),(81,11,107,'Occaecati et dolores repudiandae.',64,NULL,'1996-03-25 18:44:38','0000-00-00 00:00:00','0000-00-00 00:00:00'),(82,3,71,'Repellendus sequi et accusantium praesentium delectus odit quidem sint.',62,NULL,'2017-08-18 09:48:13','0000-00-00 00:00:00','1990-12-03 02:58:54'),(83,1,58,'Minus unde voluptate esse consequatur voluptas iusto qui omnis.',44,NULL,'2005-05-14 06:05:44','2002-10-06 13:17:23','0000-00-00 00:00:00'),(84,3,95,'Est ut voluptate impedit odio.',80,NULL,'1973-12-07 08:11:10','0000-00-00 00:00:00','2006-10-06 11:15:12'),(85,19,78,'Saepe nostrum minus animi aliquam quibusdam ut nobis.',66,NULL,'1989-04-24 02:50:02','2006-05-27 12:06:06','1983-03-28 13:14:30'),(86,19,49,'Fuga consequatur magnam reprehenderit cum maxime ab iste.',38,NULL,'2017-12-28 18:37:22','0000-00-00 00:00:00','1995-10-20 18:27:29'),(87,1,46,'Quod unde odio qui labore perferendis quas.',86,NULL,'1989-02-21 06:24:14','0000-00-00 00:00:00','0000-00-00 00:00:00'),(88,7,11,'Et qui facilis qui eos quas officia nulla.',24,NULL,'2018-07-27 23:22:29','0000-00-00 00:00:00','0000-00-00 00:00:00'),(89,13,39,'Magnam consequatur repudiandae possimus laudantium blanditiis tempore velit.',27,NULL,'1996-01-31 08:56:10','2013-09-11 13:01:53','2017-05-13 03:25:58'),(90,6,105,'Ipsam sit excepturi iusto suscipit eos inventore.',40,NULL,'1990-07-08 10:38:40','0000-00-00 00:00:00','0000-00-00 00:00:00'),(91,20,58,'Veniam rem delectus voluptatibus repellendus aut.',37,NULL,'1987-01-31 16:22:49','2018-01-12 02:00:57','0000-00-00 00:00:00'),(92,13,68,'Sint et est vitae dolore et cum est.',97,NULL,'1970-11-26 16:52:31','1993-06-30 10:28:36','0000-00-00 00:00:00'),(93,5,72,'Et voluptatum porro nulla temporibus assumenda molestiae.',45,NULL,'1975-07-24 16:17:52','0000-00-00 00:00:00','1992-01-03 08:34:06'),(94,14,85,'Perspiciatis maiores sed asperiores sequi quia sint.',30,NULL,'1972-10-02 18:43:35','2009-08-18 02:56:13','0000-00-00 00:00:00'),(95,10,77,'Assumenda sint est reiciendis consectetur iste totam architecto.',97,NULL,'1996-07-24 16:21:24','0000-00-00 00:00:00','0000-00-00 00:00:00'),(96,3,69,'Id voluptatem aliquam doloribus numquam dolor quod porro.',35,NULL,'2016-11-03 00:01:59','1986-05-02 23:57:39','0000-00-00 00:00:00'),(97,10,73,'Ut consectetur qui voluptatem accusantium.',71,NULL,'1997-11-15 11:53:28','0000-00-00 00:00:00','0000-00-00 00:00:00'),(98,7,106,'Laborum aliquam eaque sed cum distinctio.',71,NULL,'1973-10-14 16:11:22','1975-04-30 01:04:18','0000-00-00 00:00:00'),(99,12,71,'Voluptas ipsa officia repellendus qui.',100,NULL,'1996-05-13 14:44:05','0000-00-00 00:00:00','0000-00-00 00:00:00'),(100,18,100,'Beatae rem aut architecto qui ut corporis maxime itaque.',95,NULL,'1994-05-23 06:48:52','0000-00-00 00:00:00','0000-00-00 00:00:00');
/*!40000 ALTER TABLE `post` ENABLE KEYS */;
UNLOCK TABLES;

--
-- Table structure for table `pr_numbers`
--

DROP TABLE IF EXISTS `pr_numbers`;
/*!40101 SET @saved_cs_client     = @@character_set_client */;
/*!50503 SET character_set_client = utf8mb4 */;
CREATE TABLE `pr_numbers` (
  `idpr_numbers` int NOT NULL AUTO_INCREMENT,
  `value` int NOT NULL,
  PRIMARY KEY (`idpr_numbers`)
) ENGINE=InnoDB AUTO_INCREMENT=6 DEFAULT CHARSET=utf8mb4 COLLATE=utf8mb4_0900_ai_ci;
/*!40101 SET character_set_client = @saved_cs_client */;

--
-- Dumping data for table `pr_numbers`
--

LOCK TABLES `pr_numbers` WRITE;
/*!40000 ALTER TABLE `pr_numbers` DISABLE KEYS */;
INSERT INTO `pr_numbers` VALUES (1,1),(2,2),(3,3),(4,4),(5,5);
/*!40000 ALTER TABLE `pr_numbers` ENABLE KEYS */;
UNLOCK TABLES;

--
-- Table structure for table `profile`
--

DROP TABLE IF EXISTS `profile`;
/*!40101 SET @saved_cs_client     = @@character_set_client */;
/*!50503 SET character_set_client = utf8mb4 */;
CREATE TABLE `profile` (
  `user_id` int unsigned NOT NULL,
  `firstname` varchar(245) CHARACTER SET utf8mb4 COLLATE utf8mb4_unicode_ci NOT NULL,
  `lastname` varchar(245) CHARACTER SET utf8mb4 COLLATE utf8mb4_unicode_ci NOT NULL,
  `birthday` date NOT NULL,
  `gender` enum('m','f','x') CHARACTER SET utf8mb4 COLLATE utf8mb4_unicode_ci NOT NULL,
  `address` varchar(245) CHARACTER SET utf8mb4 COLLATE utf8mb4_unicode_ci DEFAULT NULL,
  `media_id` int unsigned DEFAULT NULL,
  `age` int NOT NULL,
  PRIMARY KEY (`user_id`),
  KEY `fk_profile_media1_idx` (`media_id`),
  CONSTRAINT `fk_profile_media1` FOREIGN KEY (`media_id`) REFERENCES `media` (`id`),
  CONSTRAINT `fk_profile_user` FOREIGN KEY (`user_id`) REFERENCES `user` (`id`)
) ENGINE=InnoDB DEFAULT CHARSET=utf8mb4 COLLATE=utf8mb4_unicode_ci;
/*!40101 SET character_set_client = @saved_cs_client */;

--
-- Dumping data for table `profile`
--

LOCK TABLES `profile` WRITE;
/*!40000 ALTER TABLE `profile` DISABLE KEYS */;
INSERT INTO `profile` VALUES (11,'Meagan','Wolff','1999-07-21','m','8090 Frances Street Apt. 237',97,21),(12,'Abner','Graham','1998-11-23','f','72460 Quinten Mission',95,22),(13,'Marley','Homenick','2004-01-30','f','7991 Zemlak Rue Suite 982',33,17),(14,'Zelda','Medhurst','1989-05-20','f','96347 Sherwood Fork Suite 435',54,31),(15,'Renee','Gusikowski','1995-09-19','m','512 Gerson Islands Suite 851',3,25),(16,'Ansley','Lebsack','1997-12-16','m','508 Anabelle Oval',10,23),(17,'Izabella','Spinka','2005-02-16','f','74792 Turcotte Road Apt. 061',14,16),(18,'Sydnee','Turner','1972-06-27','f','292 Andreane Burgs',37,48),(19,'Rosalyn','Turcotte','2019-11-24','f','7166 Marty Inlet',11,1),(20,'Name','Gottlieb','2003-02-07','m','926 Ashlynn Place Apt. 342',55,18),(21,'Candida','O\'Reilly','2013-01-19','f','422 Gertrude Fields Suite 971',99,8),(22,'Rachael','Doyle','1974-12-11','m','825 Ullrich Run Suite 843',65,46),(23,'Elbert','Daniel','1991-11-05','f','6859 Susanna Lights Suite 075',72,29),(24,'Jameson','Oberbrunner','2017-03-31','f','43070 Manley Orchard',57,3),(25,'Murray','Stehr','2000-06-20','m','5679 Rylan Overpass Suite 040',7,20),(26,'Leila','Daniel','2003-01-10','f','6619 Schiller Summit Suite 938',68,18),(27,'Arvel','Rohan','2008-07-07','m','4868 Noelia Cove Apt. 175',74,12),(28,'Olaf','Cruickshank','1996-03-29','m','63716 McClure Dam Suite 326',80,24),(29,'Dakota','Larson','2018-07-16','f','1825 Taryn Forges',28,2),(30,'Bernie','Bergnaum','2003-09-24','f','03499 Ernser Knoll Apt. 976',25,17),(31,'Lina','Davis','1982-06-25','f','0320 Runte Club Suite 460',19,38),(32,'Marques','Grimes','2004-09-25','m','43388 Keeling Ford',78,16),(33,'Jamison','VonRueden','1999-02-24','f','4870 Champlin Plains Suite 067',89,22),(34,'Meagan','Spencer','1999-01-22','f','406 Chaz Wall',20,22),(35,'Queen','Harvey','2008-12-02','f','651 Hand Isle Suite 304',39,12),(36,'Layne','Hackett','2016-05-31','f','201 Monahan Hill Apt. 747',76,4),(37,'Damon','Conroy','1977-06-30','f','6412 Roberts Knoll Apt. 048',50,43),(38,'Aiyana','Moen','2014-10-30','f','7814 Lebsack Ridge',13,6),(39,'Dena','Sawayn','1976-03-19','m','74568 Hansen Valleys',2,44),(40,'Nella','Altenwerth','2005-07-11','m','469 Shields Manors',33,15),(41,'Rahul','Lebsack','2016-11-19','m','849 Waelchi Vista',68,4),(42,'Rylee','Kihn','1997-11-06','m','639 Sporer Neck Apt. 649',98,23),(43,'Fiona','Bradtke','2003-05-22','m','9176 Rodriguez Shoals',28,17),(44,'Janet','Connelly','1982-10-24','f','22405 Cartwright Field',1,38),(45,'Moises','Goldner','2017-02-16','f','0902 Heathcote Coves Suite 892',51,4),(46,'Evans','Bechtelar','1993-08-29','f','6295 Cole Summit',30,27),(47,'Yesenia','Mueller','1978-09-16','m','483 Goyette Dale',11,42),(48,'Felicia','Conroy','1988-10-13','m','59409 Joesph Ridges Suite 775',65,32),(49,'Vernie','Williamson','1990-11-07','m','03632 Murphy Corner Apt. 623',67,30),(50,'Estell','Leannon','1998-10-15','f','17824 Gwen Rue Apt. 776',21,22),(51,'Freda','Fisher','2004-04-14','m','020 Santos Trace Apt. 437',20,16),(52,'Milton','Murray','2019-10-11','f','82573 Cruz Squares Apt. 568',65,1),(53,'Kristoffer','Bosco','1984-08-05','m','70322 Micheal Springs Apt. 685',85,36),(54,'Eliseo','Kovacek','2009-12-12','f','76575 Durgan Cove',91,11),(55,'Kenya','Sipes','1988-12-11','m','781 Alec Circle Suite 743',21,32),(56,'America','O\'Keefe','2006-09-05','m','784 Dusty Roads',92,14),(57,'Karianne','Lind','1974-11-26','f','1217 Stokes Wall',59,46),(58,'Carolyn','Swift','2015-10-04','f','77410 Kovacek Springs',94,5),(59,'Brandon','Ledner','1987-11-20','f','89701 Eulah Path Apt. 783',71,33),(60,'Robin','Wunsch','2020-08-21','f','987 Watsica Spring',87,0),(61,'Leslie','Lynch','2019-04-24','m','47322 Danika Cliff',19,1),(62,'Haven','McClure','2011-10-27','f','9835 Dalton Crossing Suite 130',90,9),(63,'Dedrick','Muller','2013-06-02','f','483 Stamm Wells',65,7),(64,'Ferne','Crooks','1989-03-12','m','657 Alden Station Suite 539',7,31),(65,'Van','Gislason','1978-04-06','m','102 Aileen Knoll Suite 946',10,42),(66,'Estefania','Daniel','1987-10-25','m','2090 Beatty Isle',3,33),(67,'Celia','Bergstrom','2004-01-03','m','41287 Brianne Divide Apt. 256',83,17),(68,'Angelica','Mante','1994-02-15','f','262 Anahi Isle',60,27),(69,'Barton','Ondricka','1985-05-31','m','82242 Hintz Via',15,35),(70,'Elbert','Berge','1977-08-23','f','437 Amanda Road Apt. 931',84,43),(71,'Mabel','Skiles','1983-08-25','f','1556 Stefanie Mountains Suite 755',92,37),(72,'Augustine','Schroeder','2016-06-09','m','0458 Pat Vista',83,4),(73,'Tierra','Hane','1989-11-15','f','519 Dicki Trace',82,31),(74,'Kali','Torp','1996-05-01','f','85281 Jaylen Groves',19,24),(75,'Myrna','Ernser','2007-11-16','f','24548 Nienow Summit',84,13),(76,'Carol','Cartwright','2012-04-11','m','30668 Bradtke Viaduct Apt. 709',33,8),(77,'Lee','Donnelly','1977-02-28','m','6774 Nayeli Rapid Apt. 655',49,44),(78,'Jessica','Mayer','2002-11-25','m','07469 Magnolia Plains Suite 138',94,18),(79,'Dejah','Bernhard','1996-10-27','f','993 Kasandra Fields Suite 924',97,24),(80,'Lurline','Jacobson','1984-05-07','m','93029 Torp Lodge',16,36),(81,'Haylee','Treutel','1984-06-03','f','53648 Goldner Trace Apt. 508',15,36),(82,'Bailee','Purdy','2005-08-20','f','940 Kohler Passage Apt. 823',16,15),(83,'Savanah','Predovic','2007-01-20','m','76562 Ondricka Springs',80,14),(84,'Harry','Smith','1992-06-18','m','33147 Ryley Summit Suite 701',100,28),(85,'Gracie','Considine','2012-01-21','m','172 Weissnat Key',7,9),(86,'Lynn','Roob','1993-01-17','f','25948 Bernier Well Apt. 239',1,28),(87,'Cristian','Cormier','1973-12-27','m','140 Vladimir Streets',91,47),(88,'Eula','Herzog','1999-06-28','m','42639 Newton Garden Apt. 102',65,21),(89,'Pietro','Heidenreich','1979-11-05','m','1735 Erick Greens',95,41),(90,'Coy','Jast','1974-10-10','f','3171 Runolfsdottir Isle',62,46),(91,'Ariane','Ledner','2008-10-30','f','223 Electa Manor Suite 138',52,12),(92,'Torrance','Bode','2007-07-18','m','1208 Durgan Spring Suite 033',13,13),(93,'Josue','Crooks','1991-11-25','f','8813 Hettinger Garden',52,29),(94,'Callie','Brown','1986-06-01','f','290 Geo Dale',16,34),(95,'Dawson','Kilback','1978-10-06','f','95168 Lucious Summit Apt. 016',19,42),(96,'Amie','Schamberger','1979-06-14','f','1042 Brandon Brooks Apt. 070',61,41),(97,'Marcelino','Collier','2008-05-24','m','026 Bednar Forest Apt. 342',18,12),(98,'Estelle','Bosco','2018-12-12','m','5642 Rempel Row',1,2),(99,'Jamaal','Anderson','2013-08-20','f','377 Runolfsson Stream',21,7),(100,'Arturo','Schaefer','1974-11-30','m','45996 Parker Tunnel Suite 787',33,46),(101,'Maida','Rau','1997-02-23','f','994 Laron Grove Apt. 148',85,24),(102,'Madonna','Kerluke','1977-10-21','f','8461 Laury Plaza',12,43),(103,'Connor','West','1977-11-11','f','4899 Carolyn Union',16,43),(104,'Edythe','Nader','2007-07-25','m','358 Hobart Curve',66,13),(105,'Nakia','D\'Amore','1978-08-16','f','58232 Jeremy Loaf',31,42),(106,'Kip','Ritchie','1970-05-13','m','4917 Simonis Ranch',99,50),(107,'Pamela','Kessler','2013-02-19','m','00047 Emard Isle Apt. 489',98,8),(108,'Jerel','Cummings','1995-08-06','f','84956 Abbott Greens',80,25),(109,'Darrin','Hegmann','1976-10-14','f','845 Kim Green',92,44),(110,'Esther','Cassin','1993-10-11','f','26829 Gottlieb Way',94,27);
/*!40000 ALTER TABLE `profile` ENABLE KEYS */;
UNLOCK TABLES;

--
-- Table structure for table `storehouses_products`
--

DROP TABLE IF EXISTS `storehouses_products`;
/*!40101 SET @saved_cs_client     = @@character_set_client */;
/*!50503 SET character_set_client = utf8mb4 */;
CREATE TABLE `storehouses_products` (
  `id` int(10) unsigned zerofill NOT NULL AUTO_INCREMENT,
  `value` int unsigned NOT NULL,
  PRIMARY KEY (`id`)
) ENGINE=InnoDB AUTO_INCREMENT=7 DEFAULT CHARSET=utf8mb4 COLLATE=utf8mb4_0900_ai_ci;
/*!40101 SET character_set_client = @saved_cs_client */;

--
-- Dumping data for table `storehouses_products`
--

LOCK TABLES `storehouses_products` WRITE;
/*!40000 ALTER TABLE `storehouses_products` DISABLE KEYS */;
INSERT INTO `storehouses_products` VALUES (0000000001,0),(0000000002,2500),(0000000003,0),(0000000004,30),(0000000005,500),(0000000006,1);
/*!40000 ALTER TABLE `storehouses_products` ENABLE KEYS */;
UNLOCK TABLES;

--
-- Table structure for table `user`
--

DROP TABLE IF EXISTS `user`;
/*!40101 SET @saved_cs_client     = @@character_set_client */;
/*!50503 SET character_set_client = utf8mb4 */;
CREATE TABLE `user` (
  `id` int unsigned NOT NULL AUTO_INCREMENT,
  `email` varchar(145) CHARACTER SET utf8mb4 COLLATE utf8mb4_unicode_ci NOT NULL,
  `phone` bigint NOT NULL COMMENT '79009009090',
  `password_hash` char(65) CHARACTER SET utf8mb4 COLLATE utf8mb4_unicode_ci DEFAULT NULL,
  `created_at` datetime NOT NULL DEFAULT CURRENT_TIMESTAMP,
  `updated_at` datetime DEFAULT NULL ON UPDATE CURRENT_TIMESTAMP,
  `deleted_at` datetime DEFAULT NULL,
  `updated2_at` datetime DEFAULT NULL,
  PRIMARY KEY (`id`),
  UNIQUE KEY `email_UNIQUE` (`email`),
  UNIQUE KEY `phone_UNIQUE` (`phone`)
) ENGINE=InnoDB AUTO_INCREMENT=111 DEFAULT CHARSET=utf8mb4 COLLATE=utf8mb4_unicode_ci;
/*!40101 SET character_set_client = @saved_cs_client */;

--
-- Dumping data for table `user`
--

LOCK TABLES `user` WRITE;
/*!40000 ALTER TABLE `user` DISABLE KEYS */;
INSERT INTO `user` VALUES (11,'jast.krystina@example.net',79626637465,'6a2a9d890e95ff507e4d91bd2a0a58b8dcf0fe20','2021-03-09 09:56:19','2021-03-09 10:14:27',NULL,'2017-10-20 08:10:00'),(12,'chansen@example.net',79595500796,'04525d64072d7ccbb8c01307ca064be97bd86316','2021-03-09 09:56:19','2021-03-09 10:14:27',NULL,'2017-10-20 08:10:00'),(13,'zdonnelly@example.com',79753583132,'524ef86de0bf6c12f33c4a36a321b31d27df3ae2','2021-03-09 09:56:19','2021-03-09 10:14:27',NULL,'2017-10-20 08:10:00'),(14,'schuster.dina@example.net',79796242820,'3ab06fa1d3bc0f043214b4c08953203382be21b6','2021-03-09 09:56:19','2021-03-09 10:14:27',NULL,'2017-10-20 08:10:00'),(15,'smith.thea@example.com',79345603682,'8bc6285cf35581f7e362685643b5ce2b4ca759e9','2021-03-09 09:56:19','2021-03-09 10:14:27',NULL,'2017-10-20 08:10:00'),(16,'kirlin.joana@example.net',79511490930,'758dff80cff35cfb73fd9b72d0a7f1e1755c3374','2021-03-09 09:56:19','2021-03-09 10:14:27',NULL,'2017-10-20 08:10:00'),(17,'kira.boyle@example.net',79887818580,'ea3a59128d8144eb746d741c0c2145bd8b8f8803','2021-03-09 09:56:19','2021-03-09 10:14:27',NULL,'2017-10-20 08:10:00'),(18,'zrippin@example.net',79174669581,'64cff05c7c41c69ac2360a911db8e62d5f1d0260','2021-03-09 09:56:19','2021-03-09 10:14:27',NULL,'2017-10-20 08:10:00'),(19,'hmedhurst@example.com',79593539140,'10486883147121c68432cd0a280b7cfb008cc6be','2021-03-09 09:56:19','2021-03-09 10:14:27',NULL,'2017-10-20 08:10:00'),(20,'ccarroll@example.com',79070912982,'d0d15de2c1c3ecb540fb33680703f931d6fa7540','2021-03-09 09:56:19','2021-03-09 10:14:27',NULL,'2017-10-20 08:10:00'),(21,'wilmer44@example.com',79655636873,'a8a25cd527e4ce3d16a13bc0a610d7bfa007339f','2021-03-09 09:56:19','2021-03-09 10:14:27',NULL,'2017-10-20 08:10:00'),(22,'thaley@example.com',79777875853,'3e4eb26704beefeb8388cc249728df525c0b7038','2021-03-09 09:56:19','2021-03-09 10:14:27',NULL,'2017-10-20 08:10:00'),(23,'katherine13@example.org',79984189520,'6e8b9f009f1da5608e523c997d375238394294f1','2021-03-09 09:56:19','2021-03-09 10:14:27',NULL,'2017-10-20 08:10:00'),(24,'pbalistreri@example.com',79501717474,'8f367db3ef715f4fa18c77698cb42d982d041465','2021-03-09 09:56:19','2021-03-09 10:14:27',NULL,'2017-10-20 08:10:00'),(25,'kristina41@example.org',79090642442,'7e687370ae428d63b0cf2968407889a62ae4a4a2','2021-03-09 09:56:19','2021-03-09 10:14:27',NULL,'2017-10-20 08:10:00'),(26,'okuneva.oral@example.org',79921798326,'24686876a51676ff70ff99e43f2ce236b0a9562b','2021-03-09 09:56:19','2021-03-09 10:14:27',NULL,'2017-10-20 08:10:00'),(27,'edward.stoltenberg@example.com',79067278048,'f98ebed1f019e2b90c6002e9a69e58364d385f9a','2021-03-09 09:56:19','2021-03-09 10:14:27',NULL,'2017-10-20 08:10:00'),(28,'lrippin@example.org',79641901424,'602190fdb0b14bce0e66d1a82c5b6678a4e439be','2021-03-09 09:56:19','2021-03-09 10:14:27',NULL,'2017-10-20 08:10:00'),(29,'lilla.wisoky@example.com',79228720433,'105109cb788e3b6a35876658b661cf049944b838','2021-03-09 09:56:19','2021-03-09 10:14:27',NULL,'2017-10-20 08:10:00'),(30,'oheller@example.com',79732720022,'b52cedd56ebfc36fbbc1af320d20b10c467b8b80','2021-03-09 09:56:19','2021-03-09 10:14:27',NULL,'2017-10-20 08:10:00'),(31,'jtremblay@example.org',79625295643,'0de9e095465f75df23b13ceb8fb3dceea3f0b8f7','2021-03-09 09:56:19','2021-03-09 10:14:27',NULL,'2017-10-20 08:10:00'),(32,'scarlett69@example.com',79328909678,'c19e0b1518c222436ab72e298f53af11b5cba495','2021-03-09 09:56:19','2021-03-09 10:14:27',NULL,'2017-10-20 08:10:00'),(33,'crona.felicia@example.net',79073756548,'93f0a83f4b7a358ef2b879e3e5acdd26c0a65c28','2021-03-09 09:56:19','2021-03-09 10:14:27',NULL,'2017-10-20 08:10:00'),(34,'okertzmann@example.net',79903075052,'37da32a8c1690fd613a958b979ce2e12e58685b4','2021-03-09 09:56:19','2021-03-09 10:14:27',NULL,'2017-10-20 08:10:00'),(35,'clarabelle59@example.net',79585438811,'968f729c78a6ea5aafc649578e46eba4b9e07726','2021-03-09 09:56:19','2021-03-09 10:14:27',NULL,'2017-10-20 08:10:00'),(36,'shany03@example.org',79013858530,'a25a24cb13c5675a9047d5d568681c30d1738039','2021-03-09 09:56:19','2021-03-09 10:14:27',NULL,'2017-10-20 08:10:00'),(37,'amelie77@example.net',79501548374,'2d25a4580a621bbd16ea4d208e30672593f75828','2021-03-09 09:56:19','2021-03-09 10:14:27',NULL,'2017-10-20 08:10:00'),(38,'bashirian.dillon@example.net',79632083025,'78fd4e9b095d203c79bdcec99d100ae432df4daf','2021-03-09 09:56:19','2021-03-09 10:14:27',NULL,'2017-10-20 08:10:00'),(39,'paris.vandervort@example.net',79360758982,'419b84497d37248ff0fc140893fabfc686e04833','2021-03-09 09:56:19','2021-03-09 10:14:27',NULL,'2017-10-20 08:10:00'),(40,'tschuster@example.net',79608683988,'c2901c1e5cbf69dbd1172d3eb10aec3afe7eb0b2','2021-03-09 09:56:19','2021-03-09 10:14:27',NULL,'2017-10-20 08:10:00'),(41,'sincere45@example.org',79385091636,'b40213694993c7a0edfd31b4cac3be759e6079e2','2021-03-09 09:56:19','2021-03-09 10:14:27',NULL,'2017-10-20 08:10:00'),(42,'bernier.kristy@example.com',79314331259,'02f521e1e52b729737372474edd02642aae2538a','2021-03-09 09:56:19','2021-03-09 10:14:27',NULL,'2017-10-20 08:10:00'),(43,'garth00@example.org',79344031603,'ae3d75a5ace5518767f11a711b454f6311ea48a8','2021-03-09 09:56:19','2021-03-09 10:14:27',NULL,'2017-10-20 08:10:00'),(44,'clementine43@example.net',79114953199,'50957230cbe10f39b6e5b8d18a35dcc2a4b39997','2021-03-09 09:56:19','2021-03-09 10:14:27',NULL,'2017-10-20 08:10:00'),(45,'denesik.katelynn@example.net',79115682588,'a11dc8657dadd828aa356211412a4ade5744399d','2021-03-09 09:56:19','2021-03-09 10:14:27',NULL,'2017-10-20 08:10:00'),(46,'sonny28@example.net',79493296514,'ee69f3522a38d0d0472a199cc4b052fc663b023e','2021-03-09 09:56:19','2021-03-09 10:14:27',NULL,'2017-10-20 08:10:00'),(47,'djaskolski@example.com',79557680665,'fe90b6b4f66152d3b89354fff49e605b76cc41c4','2021-03-09 09:56:19','2021-03-09 10:14:27',NULL,'2017-10-20 08:10:00'),(48,'pcollins@example.org',79495320708,'d0f74b291a64785568042ad4b44291e68549556f','2021-03-09 09:56:19','2021-03-09 10:14:27',NULL,'2017-10-20 08:10:00'),(49,'cyril.abshire@example.org',79345375674,'a39482a40e8825df3600b5b29f3f1381c34e5961','2021-03-09 09:56:19','2021-03-09 10:14:27',NULL,'2017-10-20 08:10:00'),(50,'barton.raleigh@example.com',79759049817,'319a63531698a605cccfd4b5d4bb02b1b5c2b56d','2021-03-09 09:56:19','2021-03-09 10:14:27',NULL,'2017-10-20 08:10:00'),(51,'lrenner@example.com',79073151492,'0c6a7a88eb474907ec1fc976bd9b3647d5456e93','2021-03-09 09:56:19','2021-03-09 10:14:27',NULL,'2017-10-20 08:10:00'),(52,'mekhi.franecki@example.org',79569044599,'d09db7b74e7628c82397ae4dad8e12e34464bbcb','2021-03-09 09:56:19','2021-03-09 10:14:27',NULL,'2017-10-20 08:10:00'),(53,'vallie.rohan@example.com',79281466890,'9d90928a8f1979250d7be03a4c7a88e7e0aa775b','2021-03-09 09:56:19','2021-03-09 10:14:27',NULL,'2017-10-20 08:10:00'),(54,'ned.flatley@example.org',79845350841,'82218c60be0c53c88e6638a03bb9732601a3c167','2021-03-09 09:56:19','2021-03-09 10:14:27',NULL,'2017-10-20 08:10:00'),(55,'kkoelpin@example.net',79671040329,'d9392368d6a2e4bd0806abaa2c7ce283373b4740','2021-03-09 09:56:19','2021-03-09 10:14:27',NULL,'2017-10-20 08:10:00'),(56,'kailee.spencer@example.net',79250721332,'e13a589f24d7fe278603f045abbb0b56f2109c89','2021-03-09 09:56:19','2021-03-09 10:14:27',NULL,'2017-10-20 08:10:00'),(57,'sherzog@example.com',79546881549,'3a643388d60383ccb2f451f177a21cedb8359002','2021-03-09 09:56:19','2021-03-09 10:14:27',NULL,'2017-10-20 08:10:00'),(58,'demond.hills@example.com',79646989875,'e768f1fd156fbdec865ff3d44d8f275d1a5e8d14','2021-03-09 09:56:19','2021-03-09 10:14:27',NULL,'2017-10-20 08:10:00'),(59,'cristopher48@example.com',79355528035,'1a9f8d8097c9c9f7b2304960ab83c695b83fd9b1','2021-03-09 09:56:19','2021-03-09 10:14:27',NULL,'2017-10-20 08:10:00'),(60,'zmccullough@example.org',79244304706,'20d603f8b9479587a9c832e13219589ff4568cb7','2021-03-09 09:56:19','2021-03-09 10:14:27',NULL,'2017-10-20 08:10:00'),(61,'smitchell@example.com',79180719079,'4094965872918d1d1eff3f43a06d82d9f04b76ab','2021-03-09 09:56:19','2021-03-09 10:14:27',NULL,'2017-10-20 08:10:00'),(62,'sonny71@example.org',79448025618,'04703eaf12561c2a16b4f351419a86e0a47a3032','2021-03-09 09:56:19','2021-03-09 10:14:27',NULL,'2017-10-20 08:10:00'),(63,'bailee70@example.com',79122202951,'2ef793be51f12feb16079f9df25aed0bb0819ddd','2021-03-09 09:56:19','2021-03-09 10:14:27',NULL,'2017-10-20 08:10:00'),(64,'maudie.romaguera@example.net',79446475284,'3fa318cf5926a152fd17f223965942b85bea8018','2021-03-09 09:56:19','2021-03-09 10:14:27',NULL,'2017-10-20 08:10:00'),(65,'buckridge.caterina@example.com',79374829244,'24e73e83270ce674e430b71655d83bb7382bc13d','2021-03-09 09:56:19','2021-03-09 10:14:27',NULL,'2017-10-20 08:10:00'),(66,'aglae.schiller@example.net',79145391784,'7114d318b1c780c611aadf3e3cce50dedb306fa3','2021-03-09 09:56:19','2021-03-09 10:14:27',NULL,'2017-10-20 08:10:00'),(67,'lilla63@example.net',79071220637,'9c57c499b1687eeb96964280a9dd6329f0a77462','2021-03-09 09:56:19','2021-03-09 10:14:27',NULL,'2017-10-20 08:10:00'),(68,'fullrich@example.com',79502106540,'1b83cad3f8c8ea612694f35e9697d7dacb877c29','2021-03-09 09:56:19','2021-03-09 10:14:27',NULL,'2017-10-20 08:10:00'),(69,'streich.ashtyn@example.com',79425697361,'27c39715d74f142b368b9b8c0d0263c2501edcd0','2021-03-09 09:56:19','2021-03-09 10:14:27',NULL,'2017-10-20 08:10:00'),(70,'daniel.ismael@example.com',79903439338,'58d0eeab4f0874a4b52f140d184c241b1a15bbd0','2021-03-09 09:56:19','2021-03-09 10:14:27',NULL,'2017-10-20 08:10:00'),(71,'torrey.cormier@example.org',79956570717,'f90711d532d5b9d3fc320c0e69150f6de20a73eb','2021-03-09 09:56:19','2021-03-09 10:14:27',NULL,'2017-10-20 08:10:00'),(72,'ruecker.chyna@example.net',79306793187,'4e1ce08a550b15ec6694c282a1df2e6135ea2d2d','2021-03-09 09:56:19','2021-03-09 10:14:27',NULL,'2017-10-20 08:10:00'),(73,'maureen30@example.com',79763403921,'b11c3138e69dc99054db8f5bd17eb4733b69bda9','2021-03-09 09:56:19','2021-03-09 10:14:27',NULL,'2017-10-20 08:10:00'),(74,'abraham.skiles@example.org',79544522528,'2330eb45011ab6e41dfd99617381506a78e15c50','2021-03-09 09:56:19','2021-03-09 10:14:27',NULL,'2017-10-20 08:10:00'),(75,'sgoodwin@example.org',79928679221,'5e356a63cc9e2956719aafda28bb921c91137406','2021-03-09 09:56:19','2021-03-09 10:14:27',NULL,'2017-10-20 08:10:00'),(76,'waters.kimberly@example.org',79900183864,'9f1ccf6d95844b24b467fd977320f2981b75fc55','2021-03-09 09:56:19','2021-03-09 10:14:27',NULL,'2017-10-20 08:10:00'),(77,'bernier.harvey@example.org',79064978267,'0f0120a78c89f4745450f5bb0a87577675a037ee','2021-03-09 09:56:19','2021-03-09 10:14:27',NULL,'2017-10-20 08:10:00'),(78,'qschaefer@example.net',79731205346,'04b9a73bc0e0285c2d3461cbfcf9851032861037','2021-03-09 09:56:19','2021-03-09 10:14:27',NULL,'2017-10-20 08:10:00'),(79,'bianka76@example.com',79179726607,'ac67519167b41430e24b77fb9ef3a903e615dd86','2021-03-09 09:56:19','2021-03-09 10:14:27',NULL,'2017-10-20 08:10:00'),(80,'koepp.isidro@example.com',79266886749,'17f50d3e46705b42df534eac39041dafd808822e','2021-03-09 09:56:19','2021-03-09 10:14:27',NULL,'2017-10-20 08:10:00'),(81,'emery70@example.net',79105830288,'f3e253ade5bb49955e9afa8a5abc8f49607c74e6','2021-03-09 09:56:19','2021-03-09 10:14:27',NULL,'2017-10-20 08:10:00'),(82,'monahan.marco@example.net',79430154104,'30b8f41b519a484ec8219c8e0eef8e6ea30cbf44','2021-03-09 09:56:19','2021-03-09 10:14:27',NULL,'2017-10-20 08:10:00'),(83,'ugoyette@example.net',79544752602,'5ecd922d0066de282a1ae25ea211edb6d988bfd9','2021-03-09 09:56:19','2021-03-09 10:14:27',NULL,'2017-10-20 08:10:00'),(84,'ethelyn.block@example.com',79761314393,'e0509fadaf92d4e2fe45982fa6ad8308a3da64db','2021-03-09 09:56:19','2021-03-09 10:14:27',NULL,'2017-10-20 08:10:00'),(85,'ihuel@example.net',79866503486,'1220eb630deddd24e7bb5249896abb7bda77705b','2021-03-09 09:56:19','2021-03-09 10:14:27',NULL,'2017-10-20 08:10:00'),(86,'concepcion74@example.com',79786685788,'ffeb56af72514f50f171caa91efaecb69772c3bc','2021-03-09 09:56:19','2021-03-09 10:14:27',NULL,'2017-10-20 08:10:00'),(87,'hermann.marjorie@example.com',79188943207,'906f3c20a16dfdf3486ad825871c460a7dc9e9ed','2021-03-09 09:56:19','2021-03-09 10:14:27',NULL,'2017-10-20 08:10:00'),(88,'thalia80@example.com',79181367850,'484e6503eda3418d0224a6f94a708f72e555723d','2021-03-09 09:56:19','2021-03-09 10:14:27',NULL,'2017-10-20 08:10:00'),(89,'wilbert88@example.net',79522312141,'0a9d22e7ad718a22ba46d0e0c7e978bbd5f81151','2021-03-09 09:56:19','2021-03-09 10:14:27',NULL,'2017-10-20 08:10:00'),(90,'mmorar@example.com',79356990401,'7b5eda4d761d978189ad6bccc4fd3b7c959dad84','2021-03-09 09:56:19','2021-03-09 10:14:27',NULL,'2017-10-20 08:10:00'),(91,'jauer@example.net',79921721216,'5cf47aa86c41d2b691c4f391344f4dd2f39e6ca7','2021-03-09 09:56:19','2021-03-09 10:14:27',NULL,'2017-10-20 08:10:00'),(92,'arianna78@example.com',79496322242,'43b376c1e07c3ae560be264759d4342162aa5415','2021-03-09 09:56:19','2021-03-09 10:14:27',NULL,'2017-10-20 08:10:00'),(93,'konopelski.guido@example.com',79176914498,'92ec13eca84fb1582bec284cbf015ec7ad33bfc0','2021-03-09 09:56:19','2021-03-09 10:14:27',NULL,'2017-10-20 08:10:00'),(94,'henry39@example.org',79179522572,'ab5b0fdd0a4486184aba1972158281b23df4193e','2021-03-09 09:56:19','2021-03-09 10:14:27',NULL,'2017-10-20 08:10:00'),(95,'enrique11@example.org',79882433772,'5e86ad46b83a74cd3982197009f21ba514cb3a15','2021-03-09 09:56:19','2021-03-09 10:14:27',NULL,'2017-10-20 08:10:00'),(96,'gerlach.heaven@example.net',79566365730,'60e04449c03b4623fb563ba0bd6be8b20ef40805','2021-03-09 09:56:19','2021-03-09 10:14:27',NULL,'2017-10-20 08:10:00'),(97,'ddooley@example.org',79345036553,'24975d2d0cab595f8190f1c7d208fd1c4da24868','2021-03-09 09:56:19','2021-03-09 10:14:27',NULL,'2017-10-20 08:10:00'),(98,'jarod.tremblay@example.com',79292737950,'52840ec14e3d1cfc0387e304c6cb129770b8b241','2021-03-09 09:56:19','2021-03-09 10:14:27',NULL,'2017-10-20 08:10:00'),(99,'ottilie.brown@example.net',79831051719,'c9dee92ee2b3d1fe98570c87e90b8a71901bb8bf','2021-03-09 09:56:19','2021-03-09 10:14:27',NULL,'2017-10-20 08:10:00'),(100,'melissa43@example.net',79495220269,'b7613a716764dd3dcca47016286f1d76083eac8a','2021-03-09 09:56:19','2021-03-09 10:14:27',NULL,'2017-10-20 08:10:00'),(101,'jaquelin.wiza@example.net',79627736693,'1ff084be91db551da61b6b27ab5f023d3b83580f','2021-03-09 09:56:19','2021-03-09 10:14:27',NULL,'2017-10-20 08:10:00'),(102,'dschowalter@example.net',79072411867,'58bed2727487ba272ab1b9794e2257a45e74f609','2021-03-09 09:56:19','2021-03-09 10:14:27',NULL,'2017-10-20 08:10:00'),(103,'keith.fay@example.com',79731160949,'6a44cad4691b2bf23c67404d8167bf2ea75bb2fd','2021-03-09 09:56:19','2021-03-09 10:14:27',NULL,'2017-10-20 08:10:00'),(104,'schinner.lizeth@example.com',79266952384,'3697157c04581c9dee5b7d9a3925b86299fecef4','2021-03-09 09:56:19','2021-03-09 10:14:27',NULL,'2017-10-20 08:10:00'),(105,'fdaugherty@example.net',79501401085,'edfa3475aa260e18440de7b3c66855ce90d1d121','2021-03-09 09:56:19','2021-03-09 10:14:27',NULL,'2017-10-20 08:10:00'),(106,'schulist.emmett@example.net',79411443671,'b625b2f9d39f34eec36f024e7ac5d99409763df7','2021-03-09 09:56:19','2021-03-09 10:14:27',NULL,'2017-10-20 08:10:00'),(107,'schulist.justice@example.com',79594089166,'9e5caca9a3fe07b26e48ec613c5532fc4b1fbf67','2021-03-09 09:56:19','2021-03-09 10:14:27',NULL,'2017-10-20 08:10:00'),(108,'clabadie@example.org',79538916983,'69390c10f3ce11df68316c43bc3612f26ac997b2','2021-03-09 09:56:19','2021-03-09 10:14:27',NULL,'2017-10-20 08:10:00'),(109,'kristian81@example.org',79839805740,'46f49fe572bf7acac38b36e789e9cc1cc6d49615','2021-03-09 09:56:19','2021-03-09 10:14:27',NULL,'2017-10-20 08:10:00'),(110,'ottis39@example.org',79392116225,'f4e5af011c7755c10df2f45ed8782e6dd41993c3','2021-03-09 09:56:19','2021-03-09 10:14:27',NULL,'2017-10-20 08:10:00');
/*!40000 ALTER TABLE `user` ENABLE KEYS */;
UNLOCK TABLES;

--
-- Table structure for table `user_community`
--

DROP TABLE IF EXISTS `user_community`;
/*!40101 SET @saved_cs_client     = @@character_set_client */;
/*!50503 SET character_set_client = utf8mb4 */;
CREATE TABLE `user_community` (
  `community_id` int unsigned NOT NULL,
  `user_id` int unsigned NOT NULL,
  PRIMARY KEY (`community_id`,`user_id`),
  KEY `fk_user_community_community1_idx` (`community_id`),
  KEY `fk_user_community_user1_idx` (`user_id`),
  CONSTRAINT `fk_user_community_community1` FOREIGN KEY (`community_id`) REFERENCES `community` (`id`),
  CONSTRAINT `fk_user_community_user1` FOREIGN KEY (`user_id`) REFERENCES `user` (`id`)
) ENGINE=InnoDB DEFAULT CHARSET=utf8mb4 COLLATE=utf8mb4_unicode_ci;
/*!40101 SET character_set_client = @saved_cs_client */;

--
-- Dumping data for table `user_community`
--

LOCK TABLES `user_community` WRITE;
/*!40000 ALTER TABLE `user_community` DISABLE KEYS */;
INSERT INTO `user_community` VALUES (1,12),(1,15),(1,26),(1,27),(1,93),(1,109),(2,39),(2,58),(2,70),(2,89),(3,62),(3,70),(3,107),(4,50),(4,65),(4,69),(4,91),(4,96),(4,104),(4,109),(5,13),(5,18),(5,56),(5,63),(5,90),(5,105),(6,21),(6,27),(6,48),(6,76),(7,16),(7,44),(7,82),(7,93),(8,24),(8,32),(8,34),(8,35),(8,48),(8,49),(8,110),(9,34),(9,36),(9,44),(9,50),(9,56),(10,16),(10,32),(10,70),(11,27),(11,33),(11,35),(11,49),(11,56),(11,70),(11,81),(11,82),(11,98),(12,22),(12,32),(12,46),(12,71),(12,72),(12,96),(12,97),(12,110),(13,71),(13,81),(13,102),(14,22),(14,29),(14,37),(14,96),(14,100),(14,102),(15,15),(15,46),(15,68),(15,79),(15,104),(16,14),(16,49),(16,79),(16,92),(16,101),(17,32),(17,108),(18,17),(18,34),(18,56),(18,105),(19,11),(19,15),(19,74),(19,97),(19,102),(20,15),(20,54),(20,71);
/*!40000 ALTER TABLE `user_community` ENABLE KEYS */;
UNLOCK TABLES;
/*!40103 SET TIME_ZONE=@OLD_TIME_ZONE */;

/*!40101 SET SQL_MODE=@OLD_SQL_MODE */;
/*!40014 SET FOREIGN_KEY_CHECKS=@OLD_FOREIGN_KEY_CHECKS */;
/*!40014 SET UNIQUE_CHECKS=@OLD_UNIQUE_CHECKS */;
/*!40101 SET CHARACTER_SET_CLIENT=@OLD_CHARACTER_SET_CLIENT */;
/*!40101 SET CHARACTER_SET_RESULTS=@OLD_CHARACTER_SET_RESULTS */;
/*!40101 SET COLLATION_CONNECTION=@OLD_COLLATION_CONNECTION */;
/*!40111 SET SQL_NOTES=@OLD_SQL_NOTES */;

-- Dump completed on 2021-03-09 12:20:51
